INSERT INTO OFFICE VALUES(1001,'Randhawa Dental','2229 Santa Clara Ave Suite E ','Alameda','CA','94501','737','828-4353','8AM-6PM','1:00-2:00');
INSERT INTO OFFICE VALUES(1002,'Alameda Periodontics','2238 Santa Clara Ave Ste C ','Alameda','CA','94501','211','191-4377','9AM-6PM','1:00-2:00');
INSERT INTO OFFICE VALUES(1003,'Marina Landing Family Dentistry','1050 Marina Village Pkwy # 106','Alameda','CA','94501','590','238-8383','8AM-6PM','12:00-1:00');
INSERT INTO OFFICE VALUES(1004,'Lin, Albert S DDS','1621 Park St','Alameda','CA','94501','231','952-5011','8AM-6PM','1:00-2:00');
INSERT INTO OFFICE VALUES(1005,'Gruell, Phillip DDS','1717 Santa Clara Ave','Alameda','CA','94501','655','124-3451','8AM-6PM','12:00-1:00');
INSERT INTO OFFICE VALUES(1006,'William S Paden DDS','1721 Santa Clara Ave','Alameda','CA','94501','899','503-0096','9AM-6PM','12:30-1:30');
INSERT INTO OFFICE VALUES(1007,'Vicki Wang Orthodontics','4174 Park Blvd # A','Oakland','CA','94501','204','839-1062','9AM-6PM','12:00-1:00');
INSERT INTO OFFICE VALUES(1008,'Richard H Tabor Jr DDS','4174 Park Blvd # B','Oakland','CA','94501','965','216-2209','9AM-5PM','1:30-2:30');
INSERT INTO OFFICE VALUES(1009,'Finn H Tonsberg DDS','4185 Piedmont Ave','Oakland','CA','94501','431','906-2550','9AM-6PM','12:30-1:30');
INSERT INTO OFFICE VALUES(1010,'Thuy T Bui, DDS','4215 Piedmont Ave','Castro Valley','CA','94501','575','940-3570','9AM-6PM','12:00-1:00');
INSERT INTO OFFICE VALUES(1011,'CURT L BROHARD DDS','433 Hegenberger Rd # E','Alameda','CA','94501','220','658-0476','9AM-6PM','12:00-1:00');
INSERT INTO OFFICE VALUES(1012,'Alameda Family Dentistry','2049 Central Ave ','Castro Valley','CA','94501','326','234-8368','9AM-6PM','1:30-2:30');
INSERT INTO OFFICE VALUES(1013,'Jalen David K, DDS','2100 Otis Dr # D','Castro Valley','CA','94501','470','463-1923','9AM-6PM','1:00-2:00');
INSERT INTO OFFICE VALUES(1014,'Grinberg, Inessa DDS','6100 California St','San Francisco','CA','94121','948','213-2506','8AM-7PM','12:30-1:30');
INSERT INTO OFFICE VALUES(1015,'Lee, Wayne W DDS','6100 Geary Blvd # 200','San Francisco','CA','94121','942','508-1395','8AM-7PM','1:30-2:30');
INSERT INTO OFFICE VALUES(1016,'Wayne Lee DDS','6100 Geary Blvd. #200 ','San Francisco','CA','94121','247','148-3615','8AM-7PM','1:00-2:00');
INSERT INTO OFFICE VALUES(1017,'Yesin, Svetlana DDS','614 Irving St','San Francisco','CA','94122','279','764-9666','8AM-7PM','1:00-2:00');
INSERT INTO OFFICE VALUES(1018,'Baldwin, Steven J DDS','615 46Th Ave','San Francisco','CA','94121','479','915-6177','8AM-7PM','12:30-1:30');
INSERT INTO OFFICE VALUES(1019,'Wong, Sarah E DDS','615 Kearny St','San Francisco','CA','94108','895','827-6085','8AM-7PM','1:30-2:30');
INSERT INTO OFFICE VALUES(1020,'Fathi, Marjan B DDS','205 De Anza Blvd # 164','San Mateo','CA','94402','445','976-4656','9AM-5PM','12:30-1:30');
INSERT INTO OFFICE VALUES(1021,'Baker, Gregory R DDS','2121 S El Camino Real','San Mateo','CA','94403','462','941-4839','9AM-5PM','12:00-1:00');
INSERT INTO OFFICE VALUES(1022,'Sheena Phan DDS','2121 S El Camino Real Ste B102','San Mateo','CA','94403','282','572-8804','9AM-5PM','1:30-2:30');
INSERT INTO OFFICE VALUES(1023,'Smile Dental ','217 De Anza Blvd','San Mateo','CA','94402','636','684-4964','8AM-7PM','12:30-1:30');
INSERT INTO OFFICE VALUES(1024,'Stephen W Fong DDS','990 W Fremont Ave Ste S','Sunnyvale','CA','94087','642','411-9033','8AM-7PM','12:00-1:00');
INSERT INTO OFFICE VALUES(1025,'Yukari T Jain DDS ','990 W Fremont Ave Ste U2','Sunnyvale','CA','94087','580','402-4749','9AM-6PM','12:00-1:00');
INSERT INTO OFFICE VALUES(1026,'Olive Tree Dental ','990 W Fremont Ave Ste U3','Sunnyvale','CA','94087','347','644-8497','8AM-7PM','1:30-2:30');
INSERT INTO OFFICE VALUES(1027,'Hieu D Pham DDS  ','990 W Fremont Ave Ste V','Sunnyvale','CA','94087','495','760-7876','8AM-7PM','12:00-1:00');
INSERT INTO OFFICE VALUES(1028,'ICare Dentist','990 W Fremont Ave Ste X','Sunnyvale','CA','94087','960','260-1633','9AM-6PM','12:30-1:30');
INSERT INTO OFFICE VALUES(1029,'Sunnyvale Dental Group','990 W. Fremont Ave. Suite L Sunnyvale','Sunnyvale','CA','94087','840','596-1319','9AM-6PM','1:30-2:30');
INSERT INTO OFFICE VALUES(1030,'B & T Dental','660 S. Bernado Ave. Ste. 3','Sunnyvale ','CA','94087','545','128-3647','9AM-6PM','1:30-2:30');

INSERT INTO DENTAL_CASE VALUES(10000,'Veronika','Inouye','2020-01-01','2020-01-08','2020-01-09','2020-01-11',1001);
INSERT INTO DENTAL_CASE VALUES(10001,'Willard','Kolmetz','2020-01-01','2020-01-08','2020-01-09','2020-01-11',1007);
INSERT INTO DENTAL_CASE VALUES(10002,'Maryann','Royster','2020-01-01','2020-01-08','2020-01-09','2020-01-11',1002);
INSERT INTO DENTAL_CASE VALUES(10003,'Alisha','Slusarski','2020-01-02','2020-01-09','2020-01-10','2020-01-12',1011);
INSERT INTO DENTAL_CASE VALUES(10004,'Allene','Iturbide','2020-01-02','2020-01-09','2020-01-10','2020-01-12',1012);
INSERT INTO DENTAL_CASE VALUES(10005,'Chanel','Caudy','2020-01-02','2020-01-09','2020-01-10','2020-01-12',1013);
INSERT INTO DENTAL_CASE VALUES(10006,'Ezekiel','Chui','2020-01-07','2020-01-14','2020-01-15','2020-01-17',1008);
INSERT INTO DENTAL_CASE VALUES(10007,'Willow','Kusko','2020-01-07','2020-01-14','2020-01-15','2020-01-17',1001);
INSERT INTO DENTAL_CASE VALUES(10008,'Bernardo','Figeroa','2020-01-08','2020-01-15','2020-01-16','2020-01-18',1003);
INSERT INTO DENTAL_CASE VALUES(10009,'Ammie','Corrio','2020-01-08','2020-01-15','2020-01-16','2020-01-18',1010);
INSERT INTO DENTAL_CASE VALUES(10010,'Francine','Vocelka','2020-01-10','2020-01-17','2020-01-17','2020-01-19',1003);
INSERT INTO DENTAL_CASE VALUES(10011,'Ernie','Stenseth','2020-01-10','2020-01-17','2020-01-17','2020-01-19',1004);
INSERT INTO DENTAL_CASE VALUES(10012,'Albina','Glick','2020-01-13','2020-01-20','2020-01-21','2020-01-23',1005);
INSERT INTO DENTAL_CASE VALUES(10013,'Alishia','Sergi','2020-01-14','2020-01-21','2020-01-22','2020-01-24',1019);
INSERT INTO DENTAL_CASE VALUES(10014,'Solange','Shinko','2020-01-14','2020-01-21','2020-01-22','2020-01-24',1001);
INSERT INTO DENTAL_CASE VALUES(10015,'Jose','Stockham','2020-01-16','2020-01-23','2020-01-24','2020-01-26',1017);
INSERT INTO DENTAL_CASE VALUES(10016,'Rozella','Ostrosky','2020-01-17','2020-01-24','2020-01-24','2020-01-26',1018);
INSERT INTO DENTAL_CASE VALUES(10017,'Valentine','Gillian','2020-01-17','2020-01-24','2020-01-24','2020-01-26',1002);
INSERT INTO DENTAL_CASE VALUES(10018,'Kati','Rulapaugh','2020-01-17','2020-01-24','2020-01-24','2020-01-26',1009);
INSERT INTO DENTAL_CASE VALUES(10019,'Youlanda','Schemmer','2020-01-20','2020-01-27','2020-01-28','2020-01-30',1020);
INSERT INTO DENTAL_CASE VALUES(10020,'Dyan','Oldroyd','2020-01-21','2020-01-28','2020-01-29','2020-01-31',1021);
INSERT INTO DENTAL_CASE VALUES(10021,'Roxane','Campain','2020-01-21','2020-01-28','2020-01-29','2020-01-31',1030);
INSERT INTO DENTAL_CASE VALUES(10022,'Lavera','Perin','2020-01-24','2020-01-31','2020-01-31','2020-02-02',1022);
INSERT INTO DENTAL_CASE VALUES(10023,'Erick','Ferencz','2020-01-24','2020-01-31','2020-01-31','2020-02-02',1023);
INSERT INTO DENTAL_CASE VALUES(10024,'Fatima','Saylors','2020-01-27','2020-02-03','2020-02-04','2020-02-06',1024);
INSERT INTO DENTAL_CASE VALUES(10025,'Jina','Briddick','2020-01-28','2020-02-04','2020-02-05','2020-02-07',1025);
INSERT INTO DENTAL_CASE VALUES(10026,'Kanisha','Waycott','2020-01-28','2020-02-04','2020-02-05','2020-02-07',1026);
INSERT INTO DENTAL_CASE VALUES(10027,'Emerson','Bowley','2020-01-28','2020-02-04','2020-02-05','2020-02-07',1027);
INSERT INTO DENTAL_CASE VALUES(10028,'Blair','Malet','2020-01-29','2020-02-05','2020-02-06','2020-02-08',1028);
INSERT INTO DENTAL_CASE VALUES(10029,'Brock','Bolognia','2020-01-30','2020-02-06','2020-02-07','2020-02-09',1029);
INSERT INTO DENTAL_CASE VALUES(10030,'Lorrie','Nestle','2020-01-30','2020-02-06','2020-02-07','2020-02-09',1030);
INSERT INTO DENTAL_CASE VALUES(10031,'Een','Jiang','2020-01-30','2020-02-06','2020-02-07','2020-02-09',1008);
INSERT INTO DENTAL_CASE VALUES(10032,'Ling','Huang','2020-01-30','2020-02-06','2020-02-07','2020-02-09',1001);
INSERT INTO DENTAL_CASE VALUES(10033,'Hanying','Liang','2020-01-30','2020-02-06','2020-02-07','2020-02-09',1003);
INSERT INTO DENTAL_CASE VALUES(10034,'Ru','Peng','2020-01-30','2020-02-06','2020-02-07','2020-02-09',1010);
INSERT INTO DENTAL_CASE VALUES(10035,'Da','Malet','2020-01-30','2020-02-06','2020-02-07','2020-02-09',1003);
INSERT INTO DENTAL_CASE VALUES(10036,'Jian','Ma','2020-01-30','2020-02-06','2020-02-07','2020-02-09',1004);
INSERT INTO DENTAL_CASE VALUES(10037,'Tai','Liu','2020-01-30','2020-02-06','2020-02-07','2020-02-09',1005);
INSERT INTO DENTAL_CASE VALUES(10038,'Fan','He','2020-01-30','2020-02-06','2020-02-07','2020-02-09',1019);
INSERT INTO DENTAL_CASE VALUES(10039,'Cao','Cui','2020-01-30','2020-02-06','2020-02-07','2020-02-09',1001);
INSERT INTO DENTAL_CASE VALUES(10040,'Chao','Huang','2020-01-30','2020-02-06','2020-02-07','2020-02-09',1017);
INSERT INTO DENTAL_CASE VALUES(10041,'Yin','Wang','2020-01-30','2020-02-06','2020-02-07','2020-02-09',1018);
INSERT INTO DENTAL_CASE VALUES(10042,'Ding','Wu','2020-01-31','2020-02-07','2020-02-07','2020-02-09',1002);
INSERT INTO DENTAL_CASE VALUES(10043,'Yating','Zhen','2020-01-31','2020-02-07','2020-02-07','2020-02-09',1009);
INSERT INTO DENTAL_CASE VALUES(10044,'Lin','Zhou','2020-01-31','2020-02-07','2020-02-07','2020-02-09',1020);
INSERT INTO DENTAL_CASE VALUES(10045,'Qiang','Wu','2020-01-31','2020-02-07','2020-02-07','2020-02-09',1021);
INSERT INTO DENTAL_CASE VALUES(10046,'Bao','Xu','2020-01-31','2020-02-07','2020-02-07','2020-02-09',1019);
INSERT INTO DENTAL_CASE VALUES(10047,'Guanting','Lai','2020-01-31','2020-02-07','2020-02-07','2020-02-09',1001);
INSERT INTO DENTAL_CASE VALUES(10048,'Zexian','Long','2020-01-31','2020-02-07','2020-02-07','2020-02-09',1017);
INSERT INTO DENTAL_CASE VALUES(10049,'Xinyue','Song','2020-01-31','2020-02-07','2020-02-07','2020-02-09',1018);
INSERT INTO DENTAL_CASE VALUES(10050,'Zhen','Sun','2020-01-31','2020-02-07','2020-02-07','2020-02-09',1002);
INSERT INTO DENTAL_CASE VALUES(10051,'Hui','Dai','2020-01-31','2020-02-07','2020-02-07','2020-02-09',1009);
INSERT INTO DENTAL_CASE VALUES(10052,'Chao','Cheng','2020-01-31','2020-02-07','2020-02-07','2020-02-09',1020);
INSERT INTO DENTAL_CASE VALUES(10053,'Jinyi','Bai','2020-01-31','2020-02-07','2020-02-07','2020-02-09',1021);
INSERT INTO DENTAL_CASE VALUES(10054,'Xinya','Xie','2020-01-31','2020-02-07','2020-02-07','2020-02-09',1030);
INSERT INTO DENTAL_CASE VALUES(10055,'Riya','Qian','2020-01-31','2020-02-07','2020-02-07','2020-02-09',1022);
INSERT INTO DENTAL_CASE VALUES(10056,'Delan','Qiu','2020-01-31','2020-02-07','2020-02-07','2020-02-09',1023);
INSERT INTO DENTAL_CASE VALUES(10057,'Sabra','Uyetake','2020-02-03','2020-02-10','2020-02-11','2020-02-13',1014);
INSERT INTO DENTAL_CASE VALUES(10058,'Marjory','Mastella','2020-02-03','2020-02-10','2020-02-11','2020-02-13',1015);
INSERT INTO DENTAL_CASE VALUES(10059,'Karl','Klonowski','2020-02-04','2020-02-11','2020-02-12','2020-02-14',1016);
INSERT INTO DENTAL_CASE VALUES(10060,'Tonette','Wenner','2020-02-04','2020-02-11','2020-02-12','2020-02-14',1005);
INSERT INTO DENTAL_CASE VALUES(10061,'Amber','Monarrez','2020-02-04','2020-02-11','2020-02-12','2020-02-14',1006);
INSERT INTO DENTAL_CASE VALUES(10062,'Shenika','Seewald','2020-02-06','2020-02-13','2020-02-14','2020-02-16',1002);
INSERT INTO DENTAL_CASE VALUES(10063,'Delmy','Ahle','2020-02-06','2020-02-13','2020-02-14','2020-02-16',1002);
INSERT INTO DENTAL_CASE VALUES(10064,'Deeanna','Juhas','2020-02-06','2020-02-13','2020-02-14','2020-02-16',1025);
INSERT INTO DENTAL_CASE VALUES(10065,'Blondell','Pugh','2020-02-06','2020-02-13','2020-02-14','2020-02-16',1026);
INSERT INTO DENTAL_CASE VALUES(10066,'Jamal','Vanausdal','2020-02-11','2020-02-18','2020-02-19','2020-02-21',1027);
INSERT INTO DENTAL_CASE VALUES(10067,'Cecily','Hollack','2020-02-11','2020-02-18','2020-02-19','2020-02-21',1003);
INSERT INTO DENTAL_CASE VALUES(10068,'Carmelina','Lindall','2020-02-12','2020-02-19','2020-02-20','2020-02-22',1004);
INSERT INTO DENTAL_CASE VALUES(10069,'Maurine','Yglesias','2020-02-13','2020-02-20','2020-02-21','2020-02-23',1020);
INSERT INTO DENTAL_CASE VALUES(10070,'Tawna','Buvens','2020-02-14','2020-02-21','2020-02-21','2020-02-23',1028);
INSERT INTO DENTAL_CASE VALUES(10071,'Penney','Weight','2020-02-14','2020-02-21','2020-02-21','2020-02-23',1008);
INSERT INTO DENTAL_CASE VALUES(10072,'Elly','Morocco','2020-02-14','2020-02-21','2020-02-21','2020-02-23',1030);
INSERT INTO DENTAL_CASE VALUES(10073,'Ilene','Eroman','2020-02-17','2020-02-24','2020-02-25','2020-02-27',1008);
INSERT INTO DENTAL_CASE VALUES(10074,'Vallie','Mondella','2020-02-20','2020-02-27','2020-02-28','2020-03-01',1011);
INSERT INTO DENTAL_CASE VALUES(10075,'Kallie','Blackwood','2020-02-21','2020-02-28','2020-02-28','2020-03-01',1001);
INSERT INTO DENTAL_CASE VALUES(10076,'Johnetta','Abdallah','2020-02-21','2020-02-28','2020-02-28','2020-03-01',1002);
INSERT INTO DENTAL_CASE VALUES(10077,'Bobbye','Rhym','2020-02-21','2020-02-28','2020-02-28','2020-03-01',1003);
INSERT INTO DENTAL_CASE VALUES(10078,'Micaela','Rhymes','2020-02-24','2020-03-02','2020-03-03','2020-03-05',1004);
INSERT INTO DENTAL_CASE VALUES(10079,'Eladia','Saulter','2020-02-25','2020-03-03','2020-03-04','2020-03-06',1005);
INSERT INTO DENTAL_CASE VALUES(10080,'Chaya','Malvin','2020-02-26','2020-03-04','2020-03-05','2020-03-07',1006);
INSERT INTO DENTAL_CASE VALUES(10081,'Gwenn','Suffield','2020-02-26','2020-03-04','2020-03-05','2020-03-07',1007);
INSERT INTO DENTAL_CASE VALUES(10082,'Salena','Karpel','2020-02-26','2020-03-04','2020-03-05','2020-03-07',1008);
INSERT INTO DENTAL_CASE VALUES(10083,'Yoko','Fishburne','2020-02-27','2020-03-05','2020-03-06','2020-03-08',1009);
INSERT INTO DENTAL_CASE VALUES(10084,'Taryn','Moyd','2020-03-02','2020-03-09','2020-03-10','2020-03-12',1010);
INSERT INTO DENTAL_CASE VALUES(10085,'Katina','Polidori','2020-03-02','2020-03-09','2020-03-10','2020-03-12',1011);
INSERT INTO DENTAL_CASE VALUES(10086,'Rickie','Plumer','2020-03-03','2020-03-10','2020-03-11','2020-03-13',1012);
INSERT INTO DENTAL_CASE VALUES(10087,'Alex','Loader','2020-03-03','2020-03-10','2020-03-11','2020-03-13',1013);
INSERT INTO DENTAL_CASE VALUES(10088,'Lashon','Vizarro','2020-03-03','2020-03-10','2020-03-11','2020-03-13',1014);
INSERT INTO DENTAL_CASE VALUES(10089,'Lauran','Burnard','2020-03-03','2020-03-10','2020-03-11','2020-03-13',1015);
INSERT INTO DENTAL_CASE VALUES(10090,'Ceola','Setter','2020-03-03','2020-03-10','2020-03-11','2020-03-13',1016);
INSERT INTO DENTAL_CASE VALUES(10091,'My','Rantanen','2020-03-04','2020-03-11','2020-03-12','2020-03-14',1017);
INSERT INTO DENTAL_CASE VALUES(10092,'Lorrine','Worlds','2020-03-09','2020-03-16','2020-03-17','2020-03-19',1018);
INSERT INTO DENTAL_CASE VALUES(10093,'Peggie','Sturiale','2020-03-10','2020-03-17','2020-03-18','2020-03-20',1019);
INSERT INTO DENTAL_CASE VALUES(10094,'Marvel','Raymo','2020-03-10','2020-03-17','2020-03-18','2020-03-20',1015);
INSERT INTO DENTAL_CASE VALUES(10095,'Daron','Dinos','2020-03-10','2020-03-17','2020-03-18','2020-03-20',1016);
INSERT INTO DENTAL_CASE VALUES(10096,'An','Fritz','2020-03-10','2020-03-17','2020-03-18','2020-03-20',1017);
INSERT INTO DENTAL_CASE VALUES(10097,'Portia','Stimmel','2020-03-10','2020-03-17','2020-03-18','2020-03-20',1015);
INSERT INTO DENTAL_CASE VALUES(10098,'Rhea','Aredondo','2020-03-10','2020-03-17','2020-03-18','2020-03-20',1016);
INSERT INTO DENTAL_CASE VALUES(10099,'Benedict','Sama','2020-03-16','2020-03-23','2020-03-24','2020-03-26',1010);
INSERT INTO DENTAL_CASE VALUES(10100,'Alyce','Arias','2020-03-17','2020-03-24','2020-03-25','2020-03-27',1011);
INSERT INTO DENTAL_CASE VALUES(10101,'Heike','Berganza','2020-03-18','2020-03-25','2020-03-26','2020-03-28',1027);
INSERT INTO DENTAL_CASE VALUES(10102,'Carey','Dopico','2020-03-18','2020-03-25','2020-03-26','2020-03-28',1028);
INSERT INTO DENTAL_CASE VALUES(10103,'Dottie','Hellickson','2020-03-18','2020-03-25','2020-03-26','2020-03-28',1029);
INSERT INTO DENTAL_CASE VALUES(10104,'Deandrea','Hughey','2020-03-18','2020-03-25','2020-03-26','2020-03-28',1030);
INSERT INTO DENTAL_CASE VALUES(10105,'Kimberlie','Duenas','2020-03-18','2020-03-25','2020-03-26','2020-03-28',1020);
INSERT INTO DENTAL_CASE VALUES(10106,'Martina','Staback','2020-03-23','2020-03-30','2020-03-31','2020-04-02',1021);
INSERT INTO DENTAL_CASE VALUES(10107,'Skye','Fillingim','2020-03-24','2020-03-31','2020-04-01','2020-04-03',1022);
INSERT INTO DENTAL_CASE VALUES(10108,'Jade','Farrar','2020-03-24','2020-03-31','2020-04-01','2020-04-03',1023);
INSERT INTO DENTAL_CASE VALUES(10109,'Charlene','Hamilton','2020-03-24','2020-03-31','2020-04-01','2020-04-03',1024);
INSERT INTO DENTAL_CASE VALUES(10110,'Geoffrey','Acey','2020-03-27','2020-04-03','2020-04-03','2020-04-05',1025);
INSERT INTO DENTAL_CASE VALUES(10111,'Stevie','Westerbeck','2020-03-27','2020-04-03','2020-04-03','2020-04-05',1026);
INSERT INTO DENTAL_CASE VALUES(10112,'Pamella','Fortino','2020-03-27','2020-04-03','2020-04-03','2020-04-05',1001);
INSERT INTO DENTAL_CASE VALUES(10113,'Shi','Tin','2020-03-30','2020-04-06','2020-04-07','2020-04-09',1002);
INSERT INTO DENTAL_CASE VALUES(10114,'Fang','Zeng','2020-03-30','2020-04-06','2020-04-07','2020-04-09',1003);
INSERT INTO DENTAL_CASE VALUES(10115,'Yahui','Yuan','2020-03-30','2020-04-06','2020-04-07','2020-04-09',1004);
INSERT INTO DENTAL_CASE VALUES(10116,'Shu','Zi','2020-03-30','2020-04-06','2020-04-07','2020-04-09',1005);
INSERT INTO DENTAL_CASE VALUES(10117,'Zhenkang','Zi','2020-03-30','2020-04-06','2020-04-07','2020-04-09',1006);
INSERT INTO DENTAL_CASE VALUES(10118,'Yiyi','Bai','2020-03-30','2020-04-06','2020-04-07','2020-04-09',1007);
INSERT INTO DENTAL_CASE VALUES(10119,'Ning','Lang','2020-03-30','2020-04-06','2020-04-07','2020-04-09',1008);
INSERT INTO DENTAL_CASE VALUES(10120,'Yijun','Huang','2020-03-30','2020-04-06','2020-04-07','2020-04-09',1009);
INSERT INTO DENTAL_CASE VALUES(10121,'Hai','Xie','2020-03-30','2020-04-06','2020-04-07','2020-04-09',1010);
INSERT INTO DENTAL_CASE VALUES(10122,'Shu','Jia','2020-03-30','2020-04-06','2020-04-07','2020-04-09',1001);
INSERT INTO DENTAL_CASE VALUES(10123,'Zemin','Yuan','2020-03-30','2020-04-06','2020-04-07','2020-04-09',1002);
INSERT INTO DENTAL_CASE VALUES(10124,'Na','Kang','2020-03-30','2020-04-06','2020-04-07','2020-04-09',1003);
INSERT INTO DENTAL_CASE VALUES(10125,'Su','Lin','2020-03-30','2020-04-06','2020-04-07','2020-04-09',1004);
INSERT INTO DENTAL_CASE VALUES(10126,'Zhelan','Chang','2020-03-31','2020-04-07','2020-04-08','2020-04-10',1015);
INSERT INTO DENTAL_CASE VALUES(10127,'Qiu','Lei','2020-03-31','2020-04-07','2020-04-08','2020-04-10',1016);
INSERT INTO DENTAL_CASE VALUES(10128,'Juan','Qiao','2020-03-31','2020-04-07','2020-04-08','2020-04-10',1017);
INSERT INTO DENTAL_CASE VALUES(10129,'An','Qian','2020-03-31','2020-04-07','2020-04-08','2020-04-10',1018);
INSERT INTO DENTAL_CASE VALUES(10130,'Ming','Zou','2020-03-31','2020-04-07','2020-04-08','2020-04-10',1019);
INSERT INTO DENTAL_CASE VALUES(10131,'Shun','Cui','2020-03-31','2020-04-07','2020-04-08','2020-04-10',1020);
INSERT INTO DENTAL_CASE VALUES(10132,'Ming','Zeng','2020-03-31','2020-04-07','2020-04-08','2020-04-10',1021);
INSERT INTO DENTAL_CASE VALUES(10133,'Mao','Xie','2020-03-31','2020-04-07','2020-04-08','2020-04-10',1022);
INSERT INTO DENTAL_CASE VALUES(10134,'Zhu','Ma','2020-03-31','2020-04-07','2020-04-08','2020-04-10',1023);
INSERT INTO DENTAL_CASE VALUES(10135,'Leo','Mao','2020-03-31','2020-04-07','2020-04-08','2020-04-10',1023);
INSERT INTO DENTAL_CASE VALUES(10136,'Harrison','Haufler','2020-04-01','2020-04-08','2020-04-09','2020-04-11',1002);
INSERT INTO DENTAL_CASE VALUES(10137,'Johnna','Engelberg','2020-04-01','2020-04-08','2020-04-09','2020-04-11',1003);
INSERT INTO DENTAL_CASE VALUES(10138,'Buddy','Cloney','2020-04-01','2020-04-08','2020-04-09','2020-04-11',1004);
INSERT INTO DENTAL_CASE VALUES(10139,'Dalene','Riden','2020-04-01','2020-04-08','2020-04-09','2020-04-11',1002);
INSERT INTO DENTAL_CASE VALUES(10140,'Jerry','Zurcher','2020-04-01','2020-04-08','2020-04-09','2020-04-11',1003);
INSERT INTO DENTAL_CASE VALUES(10141,'Haydee','Denooyer','2020-04-01','2020-04-08','2020-04-09','2020-04-11',1004);
INSERT INTO DENTAL_CASE VALUES(10142,'Joseph','Cryer','2020-04-01','2020-04-08','2020-04-09','2020-04-11',1005);
INSERT INTO DENTAL_CASE VALUES(10143,'Deonna','Kippley','2020-04-08','2020-04-15','2020-04-16','2020-04-18',1006);
INSERT INTO DENTAL_CASE VALUES(10144,'Raymon','Calvaresi','2020-04-09','2020-04-16','2020-04-17','2020-04-19',1007);
INSERT INTO DENTAL_CASE VALUES(10145,'Alecia','Bubash','2020-04-09','2020-04-16','2020-04-17','2020-04-19',1008);
INSERT INTO DENTAL_CASE VALUES(10146,'Ma','Layous','2020-04-09','2020-04-16','2020-04-17','2020-04-19',1009);
INSERT INTO DENTAL_CASE VALUES(10147,'Detra','Coyier','2020-04-09','2020-04-16','2020-04-17','2020-04-19',1010);
INSERT INTO DENTAL_CASE VALUES(10148,'Terrilyn','Rodeigues','2020-04-09','2020-04-16','2020-04-17','2020-04-19',1001);
INSERT INTO DENTAL_CASE VALUES(10149,'Salome','Lacovara','2020-04-14','2020-04-21','2020-04-22','2020-04-24',1002);
INSERT INTO DENTAL_CASE VALUES(10150,'Garry','Keetch','2020-04-15','2020-04-22','2020-04-23','2020-04-25',1003);
INSERT INTO DENTAL_CASE VALUES(10151,'Matthew','Neither','2020-04-15','2020-04-22','2020-04-23','2020-04-25',1004);
INSERT INTO DENTAL_CASE VALUES(10152,'Theodora','Restrepo','2020-04-15','2020-04-22','2020-04-23','2020-04-25',1015);
INSERT INTO DENTAL_CASE VALUES(10153,'Noah','Kalafatis','2020-04-17','2020-04-24','2020-04-24','2020-04-26',1016);
INSERT INTO DENTAL_CASE VALUES(10154,'Carmen','Sweigard','2020-04-17','2020-04-24','2020-04-24','2020-04-26',1017);
INSERT INTO DENTAL_CASE VALUES(10155,'Lavonda','Hengel','2020-04-17','2020-04-24','2020-04-24','2020-04-26',1018);
INSERT INTO DENTAL_CASE VALUES(10156,'Junita','Stoltzman','2020-04-21','2020-04-28','2020-04-29','2020-05-01',1019);
INSERT INTO DENTAL_CASE VALUES(10157,'Herminia','Nicolozakes','2020-04-21','2020-04-28','2020-04-29','2020-05-01',1020);
INSERT INTO DENTAL_CASE VALUES(10158,'Casie','Good','2020-04-21','2020-04-28','2020-04-29','2020-05-01',1021);
INSERT INTO DENTAL_CASE VALUES(10159,'Reena','Maisto','2020-04-21','2020-04-28','2020-04-29','2020-05-01',1022);
INSERT INTO DENTAL_CASE VALUES(10160,'Mirta','Mallett','2020-04-24','2020-05-01','2020-05-01','2020-05-03',1023);
INSERT INTO DENTAL_CASE VALUES(10161,'Cathrine','Pontoriero','2020-04-24','2020-05-01','2020-05-01','2020-05-03',1024);
INSERT INTO DENTAL_CASE VALUES(10162,'Filiberto','Tawil','2020-04-24','2020-05-01','2020-05-01','2020-05-03',1025);
INSERT INTO DENTAL_CASE VALUES(10163,'Raul','Upthegrove','2020-04-24','2020-05-01','2020-05-01','2020-05-03',1026);
INSERT INTO DENTAL_CASE VALUES(10164,'Sarah','Candlish','2020-04-29','2020-05-06','2020-05-07','2020-05-09',1027);
INSERT INTO DENTAL_CASE VALUES(10165,'Lucy','Treston','2020-04-29','2020-05-06','2020-05-07','2020-05-09',1001);
INSERT INTO DENTAL_CASE VALUES(10166,'Judy','Aquas','2020-04-29','2020-05-06','2020-05-07','2020-05-09',1002);
INSERT INTO DENTAL_CASE VALUES(10167,'Yvonne','Tjepkema','2020-04-29','2020-05-06','2020-05-07','2020-05-09',1003);
INSERT INTO DENTAL_CASE VALUES(10168,'Kayleigh','Lace','2020-05-01','2020-05-08','2020-05-08','2020-05-10',1004);
INSERT INTO DENTAL_CASE VALUES(10169,'Felix','Hirpara','2020-05-01','2020-05-08','2020-05-08','2020-05-10',1007);
INSERT INTO DENTAL_CASE VALUES(10170,'Tresa','Sweely','2020-05-01','2020-05-08','2020-05-08','2020-05-10',1008);
INSERT INTO DENTAL_CASE VALUES(10171,'Kristeen','Turinetti','2020-05-04','2020-05-11','2020-05-12','2020-05-14',1009);
INSERT INTO DENTAL_CASE VALUES(10172,'Jenelle','Regusters','2020-05-04','2020-05-11','2020-05-12','2020-05-14',1003);
INSERT INTO DENTAL_CASE VALUES(10173,'Renea','Monterrubio','2020-05-04','2020-05-11','2020-05-12','2020-05-14',1004);
INSERT INTO DENTAL_CASE VALUES(10174,'Olive','Matuszak','2020-05-04','2020-05-11','2020-05-12','2020-05-14',1012);
INSERT INTO DENTAL_CASE VALUES(10175,'Alline','Jeanty','2020-05-04','2020-05-11','2020-05-12','2020-05-14',1013);
INSERT INTO DENTAL_CASE VALUES(10176,'Sharika','Eanes','2020-05-08','2020-05-15','2020-05-15','2020-05-17',1014);
INSERT INTO DENTAL_CASE VALUES(10177,'Nu','Mcnease','2020-05-08','2020-05-15','2020-05-15','2020-05-17',1003);
INSERT INTO DENTAL_CASE VALUES(10178,'Daniela','Comnick','2020-05-11','2020-05-18','2020-05-19','2020-05-21',1018);
INSERT INTO DENTAL_CASE VALUES(10179,'Cecilia','Colaizzo','2020-05-11','2020-05-18','2020-05-19','2020-05-21',1019);
INSERT INTO DENTAL_CASE VALUES(10180,'Leslie','Threets','2020-05-11','2020-05-18','2020-05-19','2020-05-21',1020);
INSERT INTO DENTAL_CASE VALUES(10181,'Nan','Koppinger','2020-05-11','2020-05-18','2020-05-19','2020-05-21',1002);
INSERT INTO DENTAL_CASE VALUES(10182,'Izetta','Dewar','2020-05-11','2020-05-18','2020-05-19','2020-05-21',1003);
INSERT INTO DENTAL_CASE VALUES(10183,'Tegan','Arceo','2020-05-11','2020-05-18','2020-05-19','2020-05-21',1004);
INSERT INTO DENTAL_CASE VALUES(10184,'Ruthann','Keener','2020-05-11','2020-05-18','2020-05-19','2020-05-21',1020);
INSERT INTO DENTAL_CASE VALUES(10185,'Joni','Breland','2020-05-11','2020-05-18','2020-05-19','2020-05-21',1018);
INSERT INTO DENTAL_CASE VALUES(10186,'Vi','Rentfro','2020-05-13','2020-05-20','2020-05-21','2020-05-23',1019);
INSERT INTO DENTAL_CASE VALUES(10187,'Colette','Kardas','2020-05-13','2020-05-20','2020-05-21','2020-05-23',1020);
INSERT INTO DENTAL_CASE VALUES(10188,'Malcolm','Tromblay','2020-05-13','2020-05-20','2020-05-21','2020-05-23',1020);
INSERT INTO DENTAL_CASE VALUES(10189,'Ryan','Harnos','2020-05-13','2020-05-20','2020-05-21','2020-05-23',1028);
INSERT INTO DENTAL_CASE VALUES(10190,'Jess','Chaffins','2020-05-14','2020-05-21','2020-05-22','2020-05-24',1029);
INSERT INTO DENTAL_CASE VALUES(10191,'Sharen','Bourbon','2020-05-14','2020-05-21','2020-05-22','2020-05-24',1030);
INSERT INTO DENTAL_CASE VALUES(10192,'Nickolas','Juvera','2020-05-14','2020-05-21','2020-05-22','2020-05-24',1006);
INSERT INTO DENTAL_CASE VALUES(10193,'Gary','Nunlee','2020-05-14','2020-05-21','2020-05-22','2020-05-24',1020);
INSERT INTO DENTAL_CASE VALUES(10194,'Diane','Devreese','2020-05-14','2020-05-21','2020-05-22','2020-05-24',1020);
INSERT INTO DENTAL_CASE VALUES(10195,'Roslyn','Chavous','2020-05-15','2020-05-22','2020-05-22','2020-05-24',1015);
INSERT INTO DENTAL_CASE VALUES(10196,'Glory','Schieler','2020-05-15','2020-05-22','2020-05-22','2020-05-24',1016);
INSERT INTO DENTAL_CASE VALUES(10197,'Rasheeda','Sayaphon','2020-05-15','2020-05-22','2020-05-22','2020-05-24',1017);
INSERT INTO DENTAL_CASE VALUES(10198,'Alpha','Palaia','2020-05-15','2020-05-22','2020-05-22','2020-05-24',1019);
INSERT INTO DENTAL_CASE VALUES(10199,'Refugia','Jacobos','2020-05-18','2020-05-25','2020-05-26','2020-05-28',1020);
INSERT INTO DENTAL_CASE VALUES(10200,'Shawnda','Yori','2020-05-18','2020-05-25','2020-05-26','2020-05-28',1021);
INSERT INTO DENTAL_CASE VALUES(10201,'Mona','Delasancha','2020-05-18','2020-05-25','2020-05-26','2020-05-28',1022);
INSERT INTO DENTAL_CASE VALUES(10202,'Gilma','Liukko','2020-05-19','2020-05-26','2020-05-27','2020-05-29',1028);
INSERT INTO DENTAL_CASE VALUES(10203,'Janey','Gabisi','2020-05-20','2020-05-27','2020-05-28','2020-05-30',1029);
INSERT INTO DENTAL_CASE VALUES(10204,'Lili','Paskin','2020-05-21','2020-05-28','2020-05-29','2020-05-31',1029);
INSERT INTO DENTAL_CASE VALUES(10205,'Loren','Asar','2020-05-21','2020-05-28','2020-05-29','2020-05-31',1011);
INSERT INTO DENTAL_CASE VALUES(10206,'Dorothy','Chesterfield','2020-05-21','2020-05-28','2020-05-29','2020-05-31',1012);
INSERT INTO DENTAL_CASE VALUES(10207,'Gail','Similton','2020-05-21','2020-05-28','2020-05-29','2020-05-31',1013);
INSERT INTO DENTAL_CASE VALUES(10208,'Catalina','Tillotson','2020-05-21','2020-05-28','2020-05-29','2020-05-31',1015);
INSERT INTO DENTAL_CASE VALUES(10209,'Lawrence','Lorens','2020-05-21','2020-05-28','2020-05-29','2020-05-31',1016);
INSERT INTO DENTAL_CASE VALUES(10210,'Carlee','Boulter','2020-05-21','2020-05-28','2020-05-29','2020-05-31',1017);
INSERT INTO DENTAL_CASE VALUES(10211,'Thaddeus','Ankeny','2020-05-22','2020-05-29','2020-05-29','2020-05-31',1028);
INSERT INTO DENTAL_CASE VALUES(10212,'Jovita','Oles','2020-05-22','2020-05-29','2020-05-29','2020-05-31',1029);
INSERT INTO DENTAL_CASE VALUES(10213,'Alesia','Hixenbaugh','2020-05-22','2020-05-29','2020-05-29','2020-05-31',1017);
INSERT INTO DENTAL_CASE VALUES(10214,'Lai','Harabedian','2020-05-22','2020-05-29','2020-05-29','2020-05-31',1028);
INSERT INTO DENTAL_CASE VALUES(10215,'Brittni','Gillaspie','2020-05-22','2020-05-29','2020-05-29','2020-05-31',1029);
INSERT INTO DENTAL_CASE VALUES(10216,'Raylene','Kampa','2020-05-22','2020-05-29','2020-05-29','2020-05-31',1017);
INSERT INTO DENTAL_CASE VALUES(10217,'Flo','Bookamer','2020-05-22','2020-05-29','2020-05-29','2020-05-31',1028);
INSERT INTO DENTAL_CASE VALUES(10218,'Jani','Biddy','2020-05-25','2020-06-01','2020-06-02','2020-06-04',1029);
INSERT INTO DENTAL_CASE VALUES(10219,'Chauncey','Motley','2020-05-26','2020-06-02','2020-06-03','2020-06-05',1017);
INSERT INTO DENTAL_CASE VALUES(10220,'Penney','Inouye','2020-10-19','2020-10-26','2020-10-27','2020-10-29',1017);
INSERT INTO DENTAL_CASE VALUES(10221,'Elly','Kolmetz','2020-10-19','2020-10-26','2020-10-27','2020-10-29',1028);
INSERT INTO DENTAL_CASE VALUES(10222,'Rayan','Royster','2020-10-19','2020-10-26','2020-10-27','2020-10-29',1029);
INSERT INTO DENTAL_CASE VALUES(10223,'Ruthann','Dopico','2020-10-22','2020-10-29','2020-10-30','2020-11-01',1017);
INSERT INTO DENTAL_CASE VALUES(10224,'Kallie','Hellickson','2020-10-22','2020-10-29','2020-10-30','2020-11-01',1028);
INSERT INTO DENTAL_CASE VALUES(10225,'Leo','Keener','2020-10-27','2020-11-03','2020-11-04','2020-11-06',1019);
INSERT INTO DENTAL_CASE VALUES(10226,'Tresa','Breland','2020-10-27','2020-11-03','2020-11-04','2020-11-06',1020);
INSERT INTO DENTAL_CASE VALUES(10227,'Vallie','Lu','2020-10-27','2020-11-03','2020-11-04','2020-11-06',1002);
INSERT INTO DENTAL_CASE VALUES(10228,'Alisha','Chen','2020-10-29','2020-11-05','2020-11-06','2020-11-08',1003);
INSERT INTO DENTAL_CASE VALUES(10229,'Renea','Kolmetz','2020-10-30','2020-11-06','2020-11-07','2020-11-09',1004);
INSERT INTO DENTAL_CASE VALUES(10230,'Ilene','Hughey','2020-10-31','2020-11-07','2020-11-08','2020-11-10',1020);
INSERT INTO DENTAL_CASE VALUES(10231,'Raylene','Motley','2020-11-06','2020-11-13','2020-11-14','2020-11-16',1018);
INSERT INTO DENTAL_CASE VALUES(10232,'May','Li','2020-11-06','2020-11-13','2020-11-14','2020-11-16',1019);
INSERT INTO DENTAL_CASE VALUES(10233,'Julia','Lu','2020-11-06','2020-11-13','2020-11-14','2020-11-16',1020);
INSERT INTO DENTAL_CASE VALUES(10234,'Emily','Chou','2020-11-06','2020-11-13','2020-11-14','2020-11-16',1028);
INSERT INTO DENTAL_CASE VALUES(10235,'Ling','Tan','2020-11-06','2020-11-13','2020-11-14','2020-11-16',1028);
INSERT INTO DENTAL_CASE VALUES(10236,'Joke','Wu','2020-11-09','2020-11-16','2020-11-17','2020-11-19',1029);
INSERT INTO DENTAL_CASE VALUES(10237,'Michael','Lu','2020-11-10','2020-11-17','2020-11-18','2020-11-20',1030);
INSERT INTO DENTAL_CASE VALUES(10238,'Nancy','Liu','2020-11-10','2020-11-17','2020-11-18','2020-11-20',1001);
INSERT INTO DENTAL_CASE VALUES(10239,'Lucy ','Wang','2020-11-10','2020-11-17','2020-11-18','2020-11-20',1001);
INSERT INTO DENTAL_CASE VALUES(10240,'Maryann','Zhang','2020-11-13','2020-11-20','2020-11-23','2020-11-26',1001);
INSERT INTO DENTAL_CASE VALUES(10241,'Kay','Zhou','2020-11-13','2020-11-20','2020-11-23','2020-11-26',1028);
INSERT INTO DENTAL_CASE VALUES(10242,'Sandra','Xu','2020-11-13','2020-11-20','2020-11-23','2020-11-26',1029);
INSERT INTO DENTAL_CASE VALUES(10243,'Carol','Lei','2020-11-13','2020-11-20','2020-11-23','2020-11-26',1028);
INSERT INTO DENTAL_CASE VALUES(10244,'Cherry','Yep','2020-11-13','2020-11-20','2020-11-23','2020-11-26',1029);
INSERT INTO DENTAL_CASE VALUES(10245,'Ann','Yan','2020-11-13','2020-11-20','2020-11-23','2020-11-26',1007);
INSERT INTO DENTAL_CASE VALUES(10246,'Rita','Candlish','2020-11-13','2020-11-20','2020-11-23','2020-11-26',1002);
INSERT INTO DENTAL_CASE VALUES(10247,'Bin','Yu','2020-11-13','2020-11-20','2020-11-23','2020-11-26',1007);
INSERT INTO DENTAL_CASE VALUES(10248,'Coco','Zhang','2020-11-13','2020-11-20','2020-11-23','2020-11-26',1011);
INSERT INTO DENTAL_CASE VALUES(10249,'Tom','Zeng','2020-11-16','2020-11-23','2020-11-24','2020-11-27',1011);
INSERT INTO DENTAL_CASE VALUES(10250,'Jack','Song','2020-11-16','2020-11-23','2020-11-24','2020-11-27',1011);
INSERT INTO DENTAL_CASE VALUES(10251,'Ray','Treston','2020-11-16','2020-11-23','2020-11-24','2020-11-27',1011);
INSERT INTO DENTAL_CASE VALUES(10252,'Alex','Bookamer','2020-11-16','2020-11-23','2020-11-24','2020-11-27',1012);
INSERT INTO DENTAL_CASE VALUES(10253,'Dorothy','Sweigard','2020-11-18','2020-11-25','2020-11-26','2020-11-28',1013);
INSERT INTO DENTAL_CASE VALUES(10254,'Nana','Fortino','2020-11-18','2020-11-25','2020-11-26','2020-11-28',1009);
INSERT INTO DENTAL_CASE VALUES(10255,'Lulu','Haufler','2020-11-18','2020-11-25','2020-11-26','2020-11-28',1003);
INSERT INTO DENTAL_CASE VALUES(10256,'Dada','Engelberg','2020-11-18','2020-11-25','2020-11-26','2020-11-28',1004);
INSERT INTO DENTAL_CASE VALUES(10257,'Alex','Cloney','2020-11-18','2020-11-25','2020-11-26','2020-11-28',1012);
INSERT INTO DENTAL_CASE VALUES(10258,'Alice','Riden','2020-11-18','2020-11-25','2020-11-26','2020-11-28',1013);
INSERT INTO DENTAL_CASE VALUES(10259,'Olive','Zurcher','2020-11-18','2020-11-25','2020-11-26','2020-11-28',1014);
INSERT INTO DENTAL_CASE VALUES(10260,'Nancy','Yu','2020-11-18','2020-11-25','2020-11-26','2020-11-28',1030);
INSERT INTO DENTAL_CASE VALUES(10261,'Ribbon','Hengel','2020-11-19','2020-11-26',NULL,NULL,1008);
INSERT INTO DENTAL_CASE VALUES(10262,'Cherry','Stoltzman','2020-11-19','2020-11-26',NULL,NULL,1001);
INSERT INTO DENTAL_CASE VALUES(10263,'Luna','Tran','2020-11-19','2020-11-26',NULL,NULL,1007);
INSERT INTO DENTAL_CASE VALUES(10264,'Kimberlie','Fergus','2020-11-19','2020-11-26',NULL,NULL,1002);
INSERT INTO DENTAL_CASE VALUES(10265,'Kim','Mastella','2020-11-20','2020-11-27',NULL,NULL,1028);
INSERT INTO DENTAL_CASE VALUES(10266,'Mito','Klonowski','2020-11-20','2020-11-27',NULL,NULL,1029);
INSERT INTO DENTAL_CASE VALUES(10267,'Mai','Rie','2020-11-20','2020-11-27',NULL,NULL,1030);
INSERT INTO DENTAL_CASE VALUES(10268,'Candy','Chen','2020-11-20','2020-11-27',NULL,NULL,1028);
INSERT INTO DENTAL_CASE VALUES(10269,'Cathy ','Inouye','2020-11-23','2020-11-30',NULL,NULL,1029);
INSERT INTO DENTAL_CASE VALUES(10270,'Ken','Wang','2020-11-23','2020-11-30',NULL,NULL,1030);
INSERT INTO DENTAL_CASE VALUES(10271,'Tom','Atoosa','2020-11-23','2020-11-30',NULL,NULL,1004);
INSERT INTO DENTAL_CASE VALUES(10272,'Jack','Karpel','2020-11-23','2020-11-30',NULL,NULL,1002);
INSERT INTO DENTAL_CASE VALUES(10273,'Jenny','Fishburne','2020-11-23','2020-11-30',NULL,NULL,1003);
INSERT INTO DENTAL_CASE VALUES(10274,'Jennifer ','Souto','2020-11-23','2020-11-30',NULL,NULL,1004);
INSERT INTO DENTAL_CASE VALUES(10275,'Mia','Vous','2020-11-23','2020-11-30',NULL,NULL,1004);
INSERT INTO DENTAL_CASE VALUES(10276,'Tin','Te','2020-11-24','2020-12-01',NULL,NULL,1024);
INSERT INTO DENTAL_CASE VALUES(10277,'Mimi','Paskin','2020-11-24','2020-12-01',NULL,NULL,1025);
INSERT INTO DENTAL_CASE VALUES(10278,'Wendy','Asar','2020-11-24','2020-12-01',NULL,NULL,1026);
INSERT INTO DENTAL_CASE VALUES(10279,'Jacky','Abdallah','2020-11-25','2020-12-02',NULL,NULL,1027);
INSERT INTO DENTAL_CASE VALUES(10280,'Hanna','Rhym','2020-11-25','2020-12-02',NULL,NULL,1001);
INSERT INTO DENTAL_CASE VALUES(10281,'Lili','Wu','2020-11-25','2020-12-02',NULL,NULL,1002);
INSERT INTO DENTAL_CASE VALUES(10282,'Tina','Maisto','2020-11-25','2020-12-02',NULL,NULL,1003);
INSERT INTO DENTAL_CASE VALUES(10283,'Sara','Mallett','2020-11-25','2020-12-02',NULL,NULL,1004);
INSERT INTO DENTAL_CASE VALUES(10284,'Sasa','Pontoriero','2020-11-25','2020-12-02',NULL,NULL,1007);
INSERT INTO DENTAL_CASE VALUES(10285,'Bobo','Rhymes','2020-11-25','2020-12-02',NULL,NULL,1008);

INSERT INTO OCCUPATION VALUES(600,'Office Assistant ',800);
INSERT INTO OCCUPATION VALUES(601,'Administrator L1',1500);
INSERT INTO OCCUPATION VALUES(602,'Administrator L2',2000);
INSERT INTO OCCUPATION VALUES(603,'Driver L1',8000);
INSERT INTO OCCUPATION VALUES(604,'Driver L2',900);
INSERT INTO OCCUPATION VALUES(605,'Technician L1',800);
INSERT INTO OCCUPATION VALUES(606,'Technician L2',900);
INSERT INTO OCCUPATION VALUES(607,'Technician L3',1000);
INSERT INTO OCCUPATION VALUES(608,'Technician L4',1100);
INSERT INTO OCCUPATION VALUES(609,'Technician L5',1200);
INSERT INTO OCCUPATION VALUES(610,'Office Manager',2000);
INSERT INTO OCCUPATION VALUES(611,'Lab Manager',2000);

INSERT INTO EMPLOYEE VALUES(400001,'James','Butt','1979-07-10','334455667','41268 Fremont Blvd','Fremont ','CA','94538','jbutt@gmail.com','504','621-8927','2015-12-20',601);
INSERT INTO EMPLOYEE VALUES(400002,'Josephine','Darakjy','1990-07-25','111122446','43925 Hugo Terrance','Fremount','CA','94538','josephine_darakjy@darakjy.org','810','292-9388','2010-02-24',602);
INSERT INTO EMPLOYEE VALUES(400003,'Art','Venere','1987-10-16','556677889','210 Post St','San Francisco','CA','94108','art@venere.org','856','636-8749','2019-04-05',600);
INSERT INTO EMPLOYEE VALUES(400004,'Lenna','Paprocki','1985-01-19','778899001','1041 Mckeever Ave','Hayward','CA','94541','lpaprocki@hotmail.com','907','385-4412','2017-11-15',605);
INSERT INTO EMPLOYEE VALUES(400005,'Donette','Foller','1973-08-08','222233445','1191 W Tennyson Rd ','Hayward','CA','94544','donette.foller@cox.net','513','570-1893','2020-06-01',605);
INSERT INTO EMPLOYEE VALUES(400006,'Simona','Morasca','1989-07-17','557766443','6189 Jarvis Ave','Newark','CA','94560','simona@morasca.com','419','503-2484','2010-04-15',606);
INSERT INTO EMPLOYEE VALUES(400007,'Mitsue','Tollner','1969-09-24','555533334','6283 Jarvis Ave','Newark','CA','94560','mitsue_tollner@yahoo.com','773','573-6914','2017-06-06',606);
INSERT INTO EMPLOYEE VALUES(400008,'Leota','Dilliard','1973-12-16','223311445','7332 Thornton Ave','Newark','CA','94560','leota@hotmail.com','408','752-3500','2019-01-17',606);
INSERT INTO EMPLOYEE VALUES(400009,'Sage','Wieser','1976-04-27','343434345','1500 Bush St','San Francisco','CA','94109','sage_wieser@cox.net','605','414-2147','2012-08-21',606);
INSERT INTO EMPLOYEE VALUES(400010,'Kris','Marrier','1972-12-18','454545453','2407 Noriega St','San Francisco','CA','94122','kris@gmail.com','410','655-8723','2011-03-24',607);
INSERT INTO EMPLOYEE VALUES(400011,'Minna','Amigon','1973-06-10','676767678','17735 Hesperian Blvd','San Lorenzo','CA','94580','minna_amigon@yahoo.com','215','874-1229','2017-09-25',607);
INSERT INTO EMPLOYEE VALUES(400012,'Abel','Maclead','1989-02-10','999988776','17760 Hesperian Blvd','San Lorenzo','CA','94580','amaclead@gmail.com','631','335-3414','2013-12-07',608);
INSERT INTO EMPLOYEE VALUES(400013,'Kiley','Caldarera','1974-05-27','666633526','1203 J St','Union City','CA','94587','kiley.caldarera@aol.com','310','498-5651','2017-02-23',609);
INSERT INTO EMPLOYEE VALUES(400014,'Graciela','Ruta','1977-08-20','112233445','1755 Decoto Rd','Union City','CA','94587','gruta@cox.net','440','780-8425','2012-06-23',608);
INSERT INTO EMPLOYEE VALUES(400015,'Cammy','Albares','1971-10-23','223344115','1525 Silver Ave','San Francisco','CA','94134','calbares@gmail.com','956','537-6195','2016-04-20',603);
INSERT INTO EMPLOYEE VALUES(400016,'Mattie','Poquette','1989-11-01','222243526','1530 JUDAH ST','San Francisco','CA','94122','mattie@aol.com','602','277-4385','2018-05-14',603);
INSERT INTO EMPLOYEE VALUES(400017,'Meaghan','Garufi','1986-08-09','444435678','1530 Noriega Street','San Francisco','CA','94122','meaghan@hotmail.com','931','313-9635','2018-01-15',604);
INSERT INTO EMPLOYEE VALUES(400018,'Colette','Kardas','1988-02-23','478435678','1539 Taraval St ','San Francisco','CA','94116','colette.kardas@outlook.comn','415','123-1234','2015-02-02',610);
INSERT INTO EMPLOYEE VALUES(400019,'Jess','Chaffins','1974-03-06','400435678','2419 Ocean Ave','San Francisco','CA','94127','jesschaffins@gmail.com','415','1112-3242','2014-05-28',611);

INSERT INTO PRODUCTION VALUES(400012,10001);
INSERT INTO PRODUCTION VALUES(400006,10002);
INSERT INTO PRODUCTION VALUES(400004,10003);
INSERT INTO PRODUCTION VALUES(400005,10004);
INSERT INTO PRODUCTION VALUES(400006,10005);
INSERT INTO PRODUCTION VALUES(400012,10006);
INSERT INTO PRODUCTION VALUES(400004,10007);
INSERT INTO PRODUCTION VALUES(400013,10008);
INSERT INTO PRODUCTION VALUES(400014,10009);
INSERT INTO PRODUCTION VALUES(400012,10010);
INSERT INTO PRODUCTION VALUES(400012,10011);
INSERT INTO PRODUCTION VALUES(400004,10012);
INSERT INTO PRODUCTION VALUES(400005,10013);
INSERT INTO PRODUCTION VALUES(400006,10014);
INSERT INTO PRODUCTION VALUES(400007,10015);
INSERT INTO PRODUCTION VALUES(400008,10016);
INSERT INTO PRODUCTION VALUES(400009,10017);
INSERT INTO PRODUCTION VALUES(400010,10018);
INSERT INTO PRODUCTION VALUES(400011,10019);
INSERT INTO PRODUCTION VALUES(400012,10020);
INSERT INTO PRODUCTION VALUES(400013,10021);
INSERT INTO PRODUCTION VALUES(400014,10022);
INSERT INTO PRODUCTION VALUES(400006,10023);
INSERT INTO PRODUCTION VALUES(400004,10024);
INSERT INTO PRODUCTION VALUES(400005,10025);
INSERT INTO PRODUCTION VALUES(400012,10026);
INSERT INTO PRODUCTION VALUES(400006,10027);
INSERT INTO PRODUCTION VALUES(400007,10028);
INSERT INTO PRODUCTION VALUES(400008,10029);
INSERT INTO PRODUCTION VALUES(400009,10030);
INSERT INTO PRODUCTION VALUES(400012,10031);
INSERT INTO PRODUCTION VALUES(400014,10032);
INSERT INTO PRODUCTION VALUES(400010,10033);
INSERT INTO PRODUCTION VALUES(400011,10034);
INSERT INTO PRODUCTION VALUES(400005,10035);
INSERT INTO PRODUCTION VALUES(400012,10036);
INSERT INTO PRODUCTION VALUES(400008,10037);
INSERT INTO PRODUCTION VALUES(400008,10038);
INSERT INTO PRODUCTION VALUES(400012,10039);
INSERT INTO PRODUCTION VALUES(400010,10040);
INSERT INTO PRODUCTION VALUES(400011,10041);
INSERT INTO PRODUCTION VALUES(400005,10042);
INSERT INTO PRODUCTION VALUES(400014,10043);
INSERT INTO PRODUCTION VALUES(400008,10044);
INSERT INTO PRODUCTION VALUES(400008,10045);
INSERT INTO PRODUCTION VALUES(400014,10046);
INSERT INTO PRODUCTION VALUES(400005,10047);
INSERT INTO PRODUCTION VALUES(400012,10048);
INSERT INTO PRODUCTION VALUES(400014,10049);
INSERT INTO PRODUCTION VALUES(400006,10050);
INSERT INTO PRODUCTION VALUES(400004,10051);
INSERT INTO PRODUCTION VALUES(400005,10052);
INSERT INTO PRODUCTION VALUES(400012,10053);
INSERT INTO PRODUCTION VALUES(400006,10054);
INSERT INTO PRODUCTION VALUES(400004,10055);
INSERT INTO PRODUCTION VALUES(400012,10056);
INSERT INTO PRODUCTION VALUES(400006,10057);
INSERT INTO PRODUCTION VALUES(400004,10058);
INSERT INTO PRODUCTION VALUES(400005,10059);
INSERT INTO PRODUCTION VALUES(400006,10060);
INSERT INTO PRODUCTION VALUES(400012,10061);
INSERT INTO PRODUCTION VALUES(400004,10062);
INSERT INTO PRODUCTION VALUES(400013,10063);
INSERT INTO PRODUCTION VALUES(400014,10064);
INSERT INTO PRODUCTION VALUES(400006,10065);
INSERT INTO PRODUCTION VALUES(400004,10066);
INSERT INTO PRODUCTION VALUES(400005,10067);
INSERT INTO PRODUCTION VALUES(400012,10068);
INSERT INTO PRODUCTION VALUES(400006,10069);
INSERT INTO PRODUCTION VALUES(400007,10070);
INSERT INTO PRODUCTION VALUES(400004,10071);
INSERT INTO PRODUCTION VALUES(400005,10072);
INSERT INTO PRODUCTION VALUES(400006,10073);
INSERT INTO PRODUCTION VALUES(400007,10074);
INSERT INTO PRODUCTION VALUES(400008,10075);
INSERT INTO PRODUCTION VALUES(400009,10076);
INSERT INTO PRODUCTION VALUES(400010,10077);
INSERT INTO PRODUCTION VALUES(400011,10078);
INSERT INTO PRODUCTION VALUES(400012,10079);
INSERT INTO PRODUCTION VALUES(400013,10080);
INSERT INTO PRODUCTION VALUES(400014,10081);
INSERT INTO PRODUCTION VALUES(400006,10082);
INSERT INTO PRODUCTION VALUES(400004,10083);
INSERT INTO PRODUCTION VALUES(400005,10084);
INSERT INTO PRODUCTION VALUES(400012,10085);
INSERT INTO PRODUCTION VALUES(400006,10086);
INSERT INTO PRODUCTION VALUES(400004,10087);
INSERT INTO PRODUCTION VALUES(400005,10088);
INSERT INTO PRODUCTION VALUES(400006,10089);
INSERT INTO PRODUCTION VALUES(400007,10090);
INSERT INTO PRODUCTION VALUES(400008,10091);
INSERT INTO PRODUCTION VALUES(400009,10092);
INSERT INTO PRODUCTION VALUES(400010,10093);
INSERT INTO PRODUCTION VALUES(400011,10094);
INSERT INTO PRODUCTION VALUES(400012,10095);
INSERT INTO PRODUCTION VALUES(400013,10096);
INSERT INTO PRODUCTION VALUES(400014,10097);
INSERT INTO PRODUCTION VALUES(400006,10098);
INSERT INTO PRODUCTION VALUES(400004,10099);
INSERT INTO PRODUCTION VALUES(400005,10100);
INSERT INTO PRODUCTION VALUES(400012,10101);
INSERT INTO PRODUCTION VALUES(400006,10102);
INSERT INTO PRODUCTION VALUES(400004,10103);
INSERT INTO PRODUCTION VALUES(400012,10104);
INSERT INTO PRODUCTION VALUES(400006,10105);
INSERT INTO PRODUCTION VALUES(400004,10106);
INSERT INTO PRODUCTION VALUES(400005,10107);
INSERT INTO PRODUCTION VALUES(400006,10108);
INSERT INTO PRODUCTION VALUES(400012,10109);
INSERT INTO PRODUCTION VALUES(400004,10110);
INSERT INTO PRODUCTION VALUES(400013,10111);
INSERT INTO PRODUCTION VALUES(400014,10112);
INSERT INTO PRODUCTION VALUES(400014,10113);
INSERT INTO PRODUCTION VALUES(400006,10114);
INSERT INTO PRODUCTION VALUES(400004,10115);
INSERT INTO PRODUCTION VALUES(400005,10116);
INSERT INTO PRODUCTION VALUES(400012,10117);
INSERT INTO PRODUCTION VALUES(400006,10118);
INSERT INTO PRODUCTION VALUES(400007,10119);
INSERT INTO PRODUCTION VALUES(400004,10120);
INSERT INTO PRODUCTION VALUES(400005,10121);
INSERT INTO PRODUCTION VALUES(400006,10122);
INSERT INTO PRODUCTION VALUES(400007,10123);
INSERT INTO PRODUCTION VALUES(400008,10124);
INSERT INTO PRODUCTION VALUES(400009,10125);
INSERT INTO PRODUCTION VALUES(400010,10126);
INSERT INTO PRODUCTION VALUES(400011,10127);
INSERT INTO PRODUCTION VALUES(400012,10128);
INSERT INTO PRODUCTION VALUES(400013,10129);
INSERT INTO PRODUCTION VALUES(400014,10130);
INSERT INTO PRODUCTION VALUES(400006,10131);
INSERT INTO PRODUCTION VALUES(400004,10132);
INSERT INTO PRODUCTION VALUES(400005,10133);
INSERT INTO PRODUCTION VALUES(400012,10134);
INSERT INTO PRODUCTION VALUES(400006,10135);
INSERT INTO PRODUCTION VALUES(400005,10136);
INSERT INTO PRODUCTION VALUES(400012,10137);
INSERT INTO PRODUCTION VALUES(400008,10138);
INSERT INTO PRODUCTION VALUES(400008,10139);
INSERT INTO PRODUCTION VALUES(400012,10140);
INSERT INTO PRODUCTION VALUES(400010,10141);
INSERT INTO PRODUCTION VALUES(400011,10142);
INSERT INTO PRODUCTION VALUES(400005,10143);
INSERT INTO PRODUCTION VALUES(400005,10144);
INSERT INTO PRODUCTION VALUES(400004,10145);
INSERT INTO PRODUCTION VALUES(400012,10146);
INSERT INTO PRODUCTION VALUES(400006,10147);
INSERT INTO PRODUCTION VALUES(400004,10148);
INSERT INTO PRODUCTION VALUES(400005,10149);
INSERT INTO PRODUCTION VALUES(400006,10150);
INSERT INTO PRODUCTION VALUES(400012,10151);
INSERT INTO PRODUCTION VALUES(400004,10152);
INSERT INTO PRODUCTION VALUES(400013,10153);
INSERT INTO PRODUCTION VALUES(400014,10154);
INSERT INTO PRODUCTION VALUES(400005,10155);
INSERT INTO PRODUCTION VALUES(400012,10156);
INSERT INTO PRODUCTION VALUES(400008,10157);
INSERT INTO PRODUCTION VALUES(400008,10158);
INSERT INTO PRODUCTION VALUES(400012,10159);
INSERT INTO PRODUCTION VALUES(400010,10160);
INSERT INTO PRODUCTION VALUES(400011,10161);
INSERT INTO PRODUCTION VALUES(400010,10162);
INSERT INTO PRODUCTION VALUES(400011,10163);
INSERT INTO PRODUCTION VALUES(400012,10164);
INSERT INTO PRODUCTION VALUES(400013,10165);
INSERT INTO PRODUCTION VALUES(400014,10166);
INSERT INTO PRODUCTION VALUES(400006,10167);
INSERT INTO PRODUCTION VALUES(400004,10168);
INSERT INTO PRODUCTION VALUES(400012,10169);
INSERT INTO PRODUCTION VALUES(400006,10170);
INSERT INTO PRODUCTION VALUES(400004,10171);
INSERT INTO PRODUCTION VALUES(400005,10172);
INSERT INTO PRODUCTION VALUES(400006,10173);
INSERT INTO PRODUCTION VALUES(400012,10174);
INSERT INTO PRODUCTION VALUES(400004,10175);
INSERT INTO PRODUCTION VALUES(400013,10176);
INSERT INTO PRODUCTION VALUES(400014,10177);
INSERT INTO PRODUCTION VALUES(400014,10178);
INSERT INTO PRODUCTION VALUES(400006,10179);
INSERT INTO PRODUCTION VALUES(400004,10180);
INSERT INTO PRODUCTION VALUES(400005,10181);
INSERT INTO PRODUCTION VALUES(400012,10182);
INSERT INTO PRODUCTION VALUES(400006,10183);
INSERT INTO PRODUCTION VALUES(400007,10184);
INSERT INTO PRODUCTION VALUES(400004,10185);
INSERT INTO PRODUCTION VALUES(400005,10186);
INSERT INTO PRODUCTION VALUES(400006,10187);
INSERT INTO PRODUCTION VALUES(400007,10188);
INSERT INTO PRODUCTION VALUES(400008,10189);
INSERT INTO PRODUCTION VALUES(400009,10190);
INSERT INTO PRODUCTION VALUES(400010,10191);
INSERT INTO PRODUCTION VALUES(400011,10192);
INSERT INTO PRODUCTION VALUES(400012,10193);
INSERT INTO PRODUCTION VALUES(400013,10194);
INSERT INTO PRODUCTION VALUES(400014,10195);
INSERT INTO PRODUCTION VALUES(400006,10196);
INSERT INTO PRODUCTION VALUES(400004,10197);
INSERT INTO PRODUCTION VALUES(400005,10198);
INSERT INTO PRODUCTION VALUES(400012,10199);
INSERT INTO PRODUCTION VALUES(400006,10200);
INSERT INTO PRODUCTION VALUES(400004,10000);
INSERT INTO PRODUCTION VALUES(400004,10001);
INSERT INTO PRODUCTION VALUES(400005,10002);
INSERT INTO PRODUCTION VALUES(400005,10003);
INSERT INTO PRODUCTION VALUES(400004,10004);
INSERT INTO PRODUCTION VALUES(400005,10005);
INSERT INTO PRODUCTION VALUES(400005,10007);
INSERT INTO PRODUCTION VALUES(400012,10008);
INSERT INTO PRODUCTION VALUES(400013,10009);
INSERT INTO PRODUCTION VALUES(400013,10010);
INSERT INTO PRODUCTION VALUES(400013,10011);
INSERT INTO PRODUCTION VALUES(400005,10012);
INSERT INTO PRODUCTION VALUES(400004,10014);
INSERT INTO PRODUCTION VALUES(400004,10015);
INSERT INTO PRODUCTION VALUES(400009,10016);
INSERT INTO PRODUCTION VALUES(400010,10017);
INSERT INTO PRODUCTION VALUES(400011,10018);
INSERT INTO PRODUCTION VALUES(400013,10020);
INSERT INTO PRODUCTION VALUES(400014,10021);
INSERT INTO PRODUCTION VALUES(400013,10022);
INSERT INTO PRODUCTION VALUES(400007,10023);
INSERT INTO PRODUCTION VALUES(400005,10024);
INSERT INTO PRODUCTION VALUES(400013,10026);
INSERT INTO PRODUCTION VALUES(400007,10027);
INSERT INTO PRODUCTION VALUES(400006,10028);
INSERT INTO PRODUCTION VALUES(400007,10029);
INSERT INTO PRODUCTION VALUES(400008,10030);
INSERT INTO PRODUCTION VALUES(400009,10031);
INSERT INTO PRODUCTION VALUES(400010,10032);
INSERT INTO PRODUCTION VALUES(400012,10034);
INSERT INTO PRODUCTION VALUES(400013,10035);
INSERT INTO PRODUCTION VALUES(400014,10036);
INSERT INTO PRODUCTION VALUES(400009,10037);
INSERT INTO PRODUCTION VALUES(400013,10039);
INSERT INTO PRODUCTION VALUES(400011,10040);
INSERT INTO PRODUCTION VALUES(400012,10041);
INSERT INTO PRODUCTION VALUES(400009,10044);
INSERT INTO PRODUCTION VALUES(400009,10045);
INSERT INTO PRODUCTION VALUES(400013,10046);
INSERT INTO PRODUCTION VALUES(400006,10047);
INSERT INTO PRODUCTION VALUES(400013,10048);
INSERT INTO PRODUCTION VALUES(400007,10050);
INSERT INTO PRODUCTION VALUES(400005,10051);
INSERT INTO PRODUCTION VALUES(400006,10052);
INSERT INTO PRODUCTION VALUES(400007,10054);
INSERT INTO PRODUCTION VALUES(400005,10055);
INSERT INTO PRODUCTION VALUES(400013,10056);
INSERT INTO PRODUCTION VALUES(400007,10057);
INSERT INTO PRODUCTION VALUES(400005,10058);
INSERT INTO PRODUCTION VALUES(400006,10059);
INSERT INTO PRODUCTION VALUES(400007,10060);
INSERT INTO PRODUCTION VALUES(400013,10061);
INSERT INTO PRODUCTION VALUES(400005,10062);
INSERT INTO PRODUCTION VALUES(400014,10063);
INSERT INTO PRODUCTION VALUES(400013,10064);
INSERT INTO PRODUCTION VALUES(400007,10065);
INSERT INTO PRODUCTION VALUES(400006,10067);
INSERT INTO PRODUCTION VALUES(400013,10068);
INSERT INTO PRODUCTION VALUES(400007,10069);
INSERT INTO PRODUCTION VALUES(400008,10070);
INSERT INTO PRODUCTION VALUES(400006,10072);
INSERT INTO PRODUCTION VALUES(400007,10073);
INSERT INTO PRODUCTION VALUES(400008,10074);
INSERT INTO PRODUCTION VALUES(400009,10075);
INSERT INTO PRODUCTION VALUES(400010,10076);
INSERT INTO PRODUCTION VALUES(400011,10077);
INSERT INTO PRODUCTION VALUES(400013,10079);
INSERT INTO PRODUCTION VALUES(400014,10080);
INSERT INTO PRODUCTION VALUES(400013,10081);
INSERT INTO PRODUCTION VALUES(400007,10082);
INSERT INTO PRODUCTION VALUES(400005,10083);
INSERT INTO PRODUCTION VALUES(400006,10084);
INSERT INTO PRODUCTION VALUES(400013,10085);
INSERT INTO PRODUCTION VALUES(400007,10086);
INSERT INTO PRODUCTION VALUES(400005,10087);
INSERT INTO PRODUCTION VALUES(400006,10088);
INSERT INTO PRODUCTION VALUES(400007,10089);
INSERT INTO PRODUCTION VALUES(400008,10090);
INSERT INTO PRODUCTION VALUES(400009,10091);
INSERT INTO PRODUCTION VALUES(400010,10092);
INSERT INTO PRODUCTION VALUES(400012,10094);
INSERT INTO PRODUCTION VALUES(400013,10095);
INSERT INTO PRODUCTION VALUES(400014,10096);
INSERT INTO PRODUCTION VALUES(400007,10098);
INSERT INTO PRODUCTION VALUES(400005,10099);
INSERT INTO PRODUCTION VALUES(400006,10100);
INSERT INTO PRODUCTION VALUES(400007,10102);
INSERT INTO PRODUCTION VALUES(400013,10104);
INSERT INTO PRODUCTION VALUES(400007,10105);
INSERT INTO PRODUCTION VALUES(400005,10106);
INSERT INTO PRODUCTION VALUES(400006,10107);
INSERT INTO PRODUCTION VALUES(400007,10108);
INSERT INTO PRODUCTION VALUES(400013,10109);
INSERT INTO PRODUCTION VALUES(400005,10110);
INSERT INTO PRODUCTION VALUES(400014,10111);
INSERT INTO PRODUCTION VALUES(400013,10112);
INSERT INTO PRODUCTION VALUES(400013,10113);
INSERT INTO PRODUCTION VALUES(400007,10114);
INSERT INTO PRODUCTION VALUES(400005,10115);
INSERT INTO PRODUCTION VALUES(400006,10116);
INSERT INTO PRODUCTION VALUES(400013,10117);
INSERT INTO PRODUCTION VALUES(400007,10118);
INSERT INTO PRODUCTION VALUES(400008,10119);
INSERT INTO PRODUCTION VALUES(400005,10120);
INSERT INTO PRODUCTION VALUES(400006,10121);
INSERT INTO PRODUCTION VALUES(400008,10123);
INSERT INTO PRODUCTION VALUES(400009,10124);
INSERT INTO PRODUCTION VALUES(400010,10125);
INSERT INTO PRODUCTION VALUES(400012,10127);
INSERT INTO PRODUCTION VALUES(400013,10128);
INSERT INTO PRODUCTION VALUES(400014,10129);
INSERT INTO PRODUCTION VALUES(400007,10131);
INSERT INTO PRODUCTION VALUES(400005,10132);
INSERT INTO PRODUCTION VALUES(400006,10133);
INSERT INTO PRODUCTION VALUES(400013,10134);
INSERT INTO PRODUCTION VALUES(400007,10135);
INSERT INTO PRODUCTION VALUES(400013,10137);
INSERT INTO PRODUCTION VALUES(400009,10138);
INSERT INTO PRODUCTION VALUES(400013,10140);
INSERT INTO PRODUCTION VALUES(400011,10141);
INSERT INTO PRODUCTION VALUES(400012,10142);
INSERT INTO PRODUCTION VALUES(400006,10144);
INSERT INTO PRODUCTION VALUES(400005,10145);
INSERT INTO PRODUCTION VALUES(400013,10146);
INSERT INTO PRODUCTION VALUES(400007,10147);
INSERT INTO PRODUCTION VALUES(400005,10148);
INSERT INTO PRODUCTION VALUES(400006,10149);
INSERT INTO PRODUCTION VALUES(400007,10150);
INSERT INTO PRODUCTION VALUES(400013,10151);
INSERT INTO PRODUCTION VALUES(400005,10152);
INSERT INTO PRODUCTION VALUES(400014,10153);
INSERT INTO PRODUCTION VALUES(400013,10154);
INSERT INTO PRODUCTION VALUES(400006,10155);
INSERT INTO PRODUCTION VALUES(400013,10156);
INSERT INTO PRODUCTION VALUES(400009,10157);
INSERT INTO PRODUCTION VALUES(400009,10158);
INSERT INTO PRODUCTION VALUES(400013,10159);
INSERT INTO PRODUCTION VALUES(400011,10160);
INSERT INTO PRODUCTION VALUES(400012,10161);
INSERT INTO PRODUCTION VALUES(400011,10162);
INSERT INTO PRODUCTION VALUES(400012,10163);
INSERT INTO PRODUCTION VALUES(400013,10164);
INSERT INTO PRODUCTION VALUES(400014,10165);
INSERT INTO PRODUCTION VALUES(400013,10166);
INSERT INTO PRODUCTION VALUES(400007,10167);
INSERT INTO PRODUCTION VALUES(400005,10168);
INSERT INTO PRODUCTION VALUES(400013,10169);
INSERT INTO PRODUCTION VALUES(400007,10170);
INSERT INTO PRODUCTION VALUES(400005,10171);
INSERT INTO PRODUCTION VALUES(400006,10172);
INSERT INTO PRODUCTION VALUES(400007,10173);
INSERT INTO PRODUCTION VALUES(400013,10174);
INSERT INTO PRODUCTION VALUES(400005,10175);
INSERT INTO PRODUCTION VALUES(400014,10176);
INSERT INTO PRODUCTION VALUES(400013,10177);
INSERT INTO PRODUCTION VALUES(400013,10178);
INSERT INTO PRODUCTION VALUES(400007,10179);
INSERT INTO PRODUCTION VALUES(400005,10180);
INSERT INTO PRODUCTION VALUES(400006,10181);
INSERT INTO PRODUCTION VALUES(400013,10182);
INSERT INTO PRODUCTION VALUES(400007,10183);
INSERT INTO PRODUCTION VALUES(400008,10184);
INSERT INTO PRODUCTION VALUES(400005,10185);
INSERT INTO PRODUCTION VALUES(400006,10186);
INSERT INTO PRODUCTION VALUES(400007,10187);
INSERT INTO PRODUCTION VALUES(400008,10188);
INSERT INTO PRODUCTION VALUES(400009,10189);
INSERT INTO PRODUCTION VALUES(400010,10190);
INSERT INTO PRODUCTION VALUES(400011,10191);
INSERT INTO PRODUCTION VALUES(400012,10192);
INSERT INTO PRODUCTION VALUES(400013,10193);
INSERT INTO PRODUCTION VALUES(400014,10194);
INSERT INTO PRODUCTION VALUES(400013,10195);
INSERT INTO PRODUCTION VALUES(400007,10196);
INSERT INTO PRODUCTION VALUES(400005,10197);
INSERT INTO PRODUCTION VALUES(400006,10198);
INSERT INTO PRODUCTION VALUES(400013,10199);
INSERT INTO PRODUCTION VALUES(400007,10200);
INSERT INTO PRODUCTION VALUES(400012,10162);
INSERT INTO PRODUCTION VALUES(400013,10163);
INSERT INTO PRODUCTION VALUES(400014,10164);
INSERT INTO PRODUCTION VALUES(400011,10165);
INSERT INTO PRODUCTION VALUES(400012,10166);
INSERT INTO PRODUCTION VALUES(400008,10167);
INSERT INTO PRODUCTION VALUES(400006,10168);
INSERT INTO PRODUCTION VALUES(400014,10169);
INSERT INTO PRODUCTION VALUES(400008,10170);
INSERT INTO PRODUCTION VALUES(400006,10171);
INSERT INTO PRODUCTION VALUES(400007,10172);
INSERT INTO PRODUCTION VALUES(400008,10173);
INSERT INTO PRODUCTION VALUES(400014,10174);
INSERT INTO PRODUCTION VALUES(400006,10175);
INSERT INTO PRODUCTION VALUES(400011,10176);
INSERT INTO PRODUCTION VALUES(400012,10177);
INSERT INTO PRODUCTION VALUES(400012,10178);
INSERT INTO PRODUCTION VALUES(400008,10179);
INSERT INTO PRODUCTION VALUES(400006,10180);
INSERT INTO PRODUCTION VALUES(400007,10181);
INSERT INTO PRODUCTION VALUES(400014,10182);
INSERT INTO PRODUCTION VALUES(400008,10183);
INSERT INTO PRODUCTION VALUES(400007,10121);
INSERT INTO PRODUCTION VALUES(400009,10123);
INSERT INTO PRODUCTION VALUES(400010,10124);
INSERT INTO PRODUCTION VALUES(400011,10125);
INSERT INTO PRODUCTION VALUES(400013,10127);
INSERT INTO PRODUCTION VALUES(400014,10128);
INSERT INTO PRODUCTION VALUES(400011,10129);
INSERT INTO PRODUCTION VALUES(400008,10131);
INSERT INTO PRODUCTION VALUES(400006,10132);
INSERT INTO PRODUCTION VALUES(400007,10133);
INSERT INTO PRODUCTION VALUES(400014,10134);
INSERT INTO PRODUCTION VALUES(400008,10135);
INSERT INTO PRODUCTION VALUES(400014,10137);
INSERT INTO PRODUCTION VALUES(400010,10138);
INSERT INTO PRODUCTION VALUES(400014,10140);
INSERT INTO PRODUCTION VALUES(400012,10141);
INSERT INTO PRODUCTION VALUES(400013,10142);
INSERT INTO PRODUCTION VALUES(400007,10144);
INSERT INTO PRODUCTION VALUES(400006,10145);
INSERT INTO PRODUCTION VALUES(400008,10201);
INSERT INTO PRODUCTION VALUES(400006,10202);
INSERT INTO PRODUCTION VALUES(400007,10203);
INSERT INTO PRODUCTION VALUES(400014,10204);
INSERT INTO PRODUCTION VALUES(400008,10205);
INSERT INTO PRODUCTION VALUES(400007,10206);
INSERT INTO PRODUCTION VALUES(400009,10207);
INSERT INTO PRODUCTION VALUES(400010,10208);
INSERT INTO PRODUCTION VALUES(400011,10209);
INSERT INTO PRODUCTION VALUES(400013,10210);
INSERT INTO PRODUCTION VALUES(400014,10211);
INSERT INTO PRODUCTION VALUES(400011,10212);
INSERT INTO PRODUCTION VALUES(400008,10213);
INSERT INTO PRODUCTION VALUES(400006,10214);
INSERT INTO PRODUCTION VALUES(400007,10215);
INSERT INTO PRODUCTION VALUES(400014,10216);
INSERT INTO PRODUCTION VALUES(400008,10217);
INSERT INTO PRODUCTION VALUES(400014,10218);
INSERT INTO PRODUCTION VALUES(400010,10219);
INSERT INTO PRODUCTION VALUES(400014,10220);
INSERT INTO PRODUCTION VALUES(400012,10221);
INSERT INTO PRODUCTION VALUES(400013,10222);
INSERT INTO PRODUCTION VALUES(400007,10223);
INSERT INTO PRODUCTION VALUES(400006,10224);
INSERT INTO PRODUCTION VALUES(400007,10225);
INSERT INTO PRODUCTION VALUES(400005,10226);
INSERT INTO PRODUCTION VALUES(400013,10227);
INSERT INTO PRODUCTION VALUES(400007,10228);
INSERT INTO PRODUCTION VALUES(400005,10229);
INSERT INTO PRODUCTION VALUES(400006,10230);
INSERT INTO PRODUCTION VALUES(400007,10231);
INSERT INTO PRODUCTION VALUES(400013,10232);
INSERT INTO PRODUCTION VALUES(400005,10233);
INSERT INTO PRODUCTION VALUES(400014,10234);
INSERT INTO PRODUCTION VALUES(400013,10235);
INSERT INTO PRODUCTION VALUES(400013,10236);
INSERT INTO PRODUCTION VALUES(400009,10201);
INSERT INTO PRODUCTION VALUES(400007,10202);
INSERT INTO PRODUCTION VALUES(400008,10203);
INSERT INTO PRODUCTION VALUES(400015,10204);
INSERT INTO PRODUCTION VALUES(400009,10205);
INSERT INTO PRODUCTION VALUES(400008,10206);
INSERT INTO PRODUCTION VALUES(400010,10207);
INSERT INTO PRODUCTION VALUES(400011,10208);
INSERT INTO PRODUCTION VALUES(400012,10209);
INSERT INTO PRODUCTION VALUES(400014,10210);
INSERT INTO PRODUCTION VALUES(400015,10211);
INSERT INTO PRODUCTION VALUES(400012,10212);
INSERT INTO PRODUCTION VALUES(400009,10213);
INSERT INTO PRODUCTION VALUES(400007,10214);
INSERT INTO PRODUCTION VALUES(400008,10215);
INSERT INTO PRODUCTION VALUES(400015,10216);
INSERT INTO PRODUCTION VALUES(400009,10217);
INSERT INTO PRODUCTION VALUES(400015,10218);
INSERT INTO PRODUCTION VALUES(400011,10219);
INSERT INTO PRODUCTION VALUES(400015,10220);
INSERT INTO PRODUCTION VALUES(400013,10221);
INSERT INTO PRODUCTION VALUES(400014,10222);
INSERT INTO PRODUCTION VALUES(400008,10223);
INSERT INTO PRODUCTION VALUES(400007,10224);
INSERT INTO PRODUCTION VALUES(400008,10225);
INSERT INTO PRODUCTION VALUES(400006,10226);
INSERT INTO PRODUCTION VALUES(400014,10227);
INSERT INTO PRODUCTION VALUES(400008,10228);
INSERT INTO PRODUCTION VALUES(400006,10229);
INSERT INTO PRODUCTION VALUES(400007,10230);
INSERT INTO PRODUCTION VALUES(400008,10231);
INSERT INTO PRODUCTION VALUES(400014,10232);
INSERT INTO PRODUCTION VALUES(400006,10233);
INSERT INTO PRODUCTION VALUES(400015,10234);
INSERT INTO PRODUCTION VALUES(400014,10235);
INSERT INTO PRODUCTION VALUES(400014,10236);
INSERT INTO PRODUCTION VALUES(400012,10219);
INSERT INTO PRODUCTION VALUES(400014,10221);
INSERT INTO PRODUCTION VALUES(400015,10222);
INSERT INTO PRODUCTION VALUES(400009,10223);
INSERT INTO PRODUCTION VALUES(400008,10224);
INSERT INTO PRODUCTION VALUES(400009,10225);
INSERT INTO PRODUCTION VALUES(400007,10226);
INSERT INTO PRODUCTION VALUES(400008,10202);
INSERT INTO PRODUCTION VALUES(400009,10203);
INSERT INTO PRODUCTION VALUES(400010,10205);
INSERT INTO PRODUCTION VALUES(400009,10206);
INSERT INTO PRODUCTION VALUES(400011,10207);
INSERT INTO PRODUCTION VALUES(400012,10208);
INSERT INTO PRODUCTION VALUES(400013,10209);
INSERT INTO PRODUCTION VALUES(400015,10210);
INSERT INTO PRODUCTION VALUES(400009,10202);
INSERT INTO PRODUCTION VALUES(400010,10203);
INSERT INTO PRODUCTION VALUES(400004,10237);
INSERT INTO PRODUCTION VALUES(400012,10238);
INSERT INTO PRODUCTION VALUES(400006,10239);
INSERT INTO PRODUCTION VALUES(400004,10240);
INSERT INTO PRODUCTION VALUES(400005,10241);
INSERT INTO PRODUCTION VALUES(400006,10242);
INSERT INTO PRODUCTION VALUES(400012,10243);
INSERT INTO PRODUCTION VALUES(400004,10244);
INSERT INTO PRODUCTION VALUES(400013,10245);
INSERT INTO PRODUCTION VALUES(400014,10246);
INSERT INTO PRODUCTION VALUES(400012,10247);
INSERT INTO PRODUCTION VALUES(400012,10248);
INSERT INTO PRODUCTION VALUES(400004,10249);
INSERT INTO PRODUCTION VALUES(400005,10250);
INSERT INTO PRODUCTION VALUES(400006,10251);
INSERT INTO PRODUCTION VALUES(400007,10252);
INSERT INTO PRODUCTION VALUES(400008,10253);
INSERT INTO PRODUCTION VALUES(400009,10254);
INSERT INTO PRODUCTION VALUES(400010,10255);
INSERT INTO PRODUCTION VALUES(400011,10256);
INSERT INTO PRODUCTION VALUES(400012,10257);
INSERT INTO PRODUCTION VALUES(400013,10258);
INSERT INTO PRODUCTION VALUES(400014,10259);
INSERT INTO PRODUCTION VALUES(400006,10260);
INSERT INTO PRODUCTION VALUES(400005,10237);
INSERT INTO PRODUCTION VALUES(400013,10238);
INSERT INTO PRODUCTION VALUES(400007,10239);
INSERT INTO PRODUCTION VALUES(400005,10240);
INSERT INTO PRODUCTION VALUES(400006,10241);
INSERT INTO PRODUCTION VALUES(400007,10242);
INSERT INTO PRODUCTION VALUES(400013,10243);
INSERT INTO PRODUCTION VALUES(400005,10244);
INSERT INTO PRODUCTION VALUES(400014,10245);
INSERT INTO PRODUCTION VALUES(400008,10239);
INSERT INTO PRODUCTION VALUES(400006,10240);
INSERT INTO PRODUCTION VALUES(400007,10241);
INSERT INTO PRODUCTION VALUES(400008,10242);
INSERT INTO PRODUCTION VALUES(400014,10261);
INSERT INTO PRODUCTION VALUES(400015,10262);
INSERT INTO PRODUCTION VALUES(400008,10263);
INSERT INTO PRODUCTION VALUES(400009,10264);
INSERT INTO PRODUCTION VALUES(400015,10265);
INSERT INTO PRODUCTION VALUES(400014,10266);
INSERT INTO PRODUCTION VALUES(400010,10267);
INSERT INTO PRODUCTION VALUES(400011,10268);
INSERT INTO PRODUCTION VALUES(400012,10269);
INSERT INTO PRODUCTION VALUES(400014,10270);
INSERT INTO PRODUCTION VALUES(400015,10271);
INSERT INTO PRODUCTION VALUES(400014,10272);
INSERT INTO PRODUCTION VALUES(400015,10273);
INSERT INTO PRODUCTION VALUES(400012,10274);
INSERT INTO PRODUCTION VALUES(400013,10275);
INSERT INTO PRODUCTION VALUES(400014,10276);
INSERT INTO PRODUCTION VALUES(400015,10277);
INSERT INTO PRODUCTION VALUES(400013,10278);
INSERT INTO PRODUCTION VALUES(400014,10279);
INSERT INTO PRODUCTION VALUES(400015,10280);
INSERT INTO PRODUCTION VALUES(400007,10281);
INSERT INTO PRODUCTION VALUES(400008,10282);
INSERT INTO PRODUCTION VALUES(400009,10283);
INSERT INTO PRODUCTION VALUES(400006,10284);
INSERT INTO PRODUCTION VALUES(400006,10285);
INSERT INTO PRODUCTION VALUES(400012,10266);
INSERT INTO PRODUCTION VALUES(400013,10266);
INSERT INTO PRODUCTION VALUES(400009,10267);
INSERT INTO PRODUCTION VALUES(400010,10268);
INSERT INTO PRODUCTION VALUES(400011,10269);
INSERT INTO PRODUCTION VALUES(400013,10270);
INSERT INTO PRODUCTION VALUES(400014,10271);
INSERT INTO PRODUCTION VALUES(400013,10272);
INSERT INTO PRODUCTION VALUES(400014,10273);
INSERT INTO PRODUCTION VALUES(400011,10274);
INSERT INTO PRODUCTION VALUES(400012,10275);
INSERT INTO PRODUCTION VALUES(400013,10276);
INSERT INTO PRODUCTION VALUES(400008,10272);
INSERT INTO PRODUCTION VALUES(400009,10273);
INSERT INTO PRODUCTION VALUES(400008,10274);
INSERT INTO PRODUCTION VALUES(400009,10275);

INSERT INTO DELIVERY VALUES(400015,10000);
INSERT INTO DELIVERY VALUES(400015,10001);
INSERT INTO DELIVERY VALUES(400015,10002);
INSERT INTO DELIVERY VALUES(400015,10003);
INSERT INTO DELIVERY VALUES(400015,10004);
INSERT INTO DELIVERY VALUES(400015,10005);
INSERT INTO DELIVERY VALUES(400015,10006);
INSERT INTO DELIVERY VALUES(400015,10007);
INSERT INTO DELIVERY VALUES(400016,10008);
INSERT INTO DELIVERY VALUES(400016,10009);
INSERT INTO DELIVERY VALUES(400016,10010);
INSERT INTO DELIVERY VALUES(400016,10011);
INSERT INTO DELIVERY VALUES(400016,10012);
INSERT INTO DELIVERY VALUES(400016,10013);
INSERT INTO DELIVERY VALUES(400016,10014);
INSERT INTO DELIVERY VALUES(400016,10015);
INSERT INTO DELIVERY VALUES(400016,10016);
INSERT INTO DELIVERY VALUES(400016,10017);
INSERT INTO DELIVERY VALUES(400016,10018);
INSERT INTO DELIVERY VALUES(400016,10019);
INSERT INTO DELIVERY VALUES(400016,10020);
INSERT INTO DELIVERY VALUES(400016,10021);
INSERT INTO DELIVERY VALUES(400016,10022);
INSERT INTO DELIVERY VALUES(400017,10023);
INSERT INTO DELIVERY VALUES(400017,10024);
INSERT INTO DELIVERY VALUES(400017,10025);
INSERT INTO DELIVERY VALUES(400017,10026);
INSERT INTO DELIVERY VALUES(400017,10027);
INSERT INTO DELIVERY VALUES(400015,10028);
INSERT INTO DELIVERY VALUES(400015,10029);
INSERT INTO DELIVERY VALUES(400015,10030);
INSERT INTO DELIVERY VALUES(400015,10031);
INSERT INTO DELIVERY VALUES(400015,10032);
INSERT INTO DELIVERY VALUES(400015,10033);
INSERT INTO DELIVERY VALUES(400016,10034);
INSERT INTO DELIVERY VALUES(400016,10035);
INSERT INTO DELIVERY VALUES(400016,10036);
INSERT INTO DELIVERY VALUES(400017,10037);
INSERT INTO DELIVERY VALUES(400017,10038);
INSERT INTO DELIVERY VALUES(400017,10039);
INSERT INTO DELIVERY VALUES(400017,10040);
INSERT INTO DELIVERY VALUES(400017,10041);
INSERT INTO DELIVERY VALUES(400017,10042);
INSERT INTO DELIVERY VALUES(400017,10043);
INSERT INTO DELIVERY VALUES(400017,10044);
INSERT INTO DELIVERY VALUES(400017,10045);
INSERT INTO DELIVERY VALUES(400017,10046);
INSERT INTO DELIVERY VALUES(400017,10047);
INSERT INTO DELIVERY VALUES(400017,10048);
INSERT INTO DELIVERY VALUES(400017,10049);
INSERT INTO DELIVERY VALUES(400017,10050);
INSERT INTO DELIVERY VALUES(400017,10051);
INSERT INTO DELIVERY VALUES(400017,10052);
INSERT INTO DELIVERY VALUES(400017,10053);
INSERT INTO DELIVERY VALUES(400015,10054);
INSERT INTO DELIVERY VALUES(400015,10055);
INSERT INTO DELIVERY VALUES(400015,10056);
INSERT INTO DELIVERY VALUES(400015,10057);
INSERT INTO DELIVERY VALUES(400015,10058);
INSERT INTO DELIVERY VALUES(400015,10059);
INSERT INTO DELIVERY VALUES(400016,10060);
INSERT INTO DELIVERY VALUES(400016,10061);
INSERT INTO DELIVERY VALUES(400016,10062);
INSERT INTO DELIVERY VALUES(400015,10063);
INSERT INTO DELIVERY VALUES(400015,10064);
INSERT INTO DELIVERY VALUES(400015,10065);
INSERT INTO DELIVERY VALUES(400015,10066);
INSERT INTO DELIVERY VALUES(400015,10067);
INSERT INTO DELIVERY VALUES(400015,10068);
INSERT INTO DELIVERY VALUES(400015,10069);
INSERT INTO DELIVERY VALUES(400015,10070);
INSERT INTO DELIVERY VALUES(400015,10071);
INSERT INTO DELIVERY VALUES(400015,10072);
INSERT INTO DELIVERY VALUES(400015,10073);
INSERT INTO DELIVERY VALUES(400015,10074);
INSERT INTO DELIVERY VALUES(400015,10075);
INSERT INTO DELIVERY VALUES(400015,10076);
INSERT INTO DELIVERY VALUES(400015,10077);
INSERT INTO DELIVERY VALUES(400015,10078);
INSERT INTO DELIVERY VALUES(400015,10079);
INSERT INTO DELIVERY VALUES(400015,10080);
INSERT INTO DELIVERY VALUES(400015,10081);
INSERT INTO DELIVERY VALUES(400015,10082);
INSERT INTO DELIVERY VALUES(400017,10083);
INSERT INTO DELIVERY VALUES(400017,10084);
INSERT INTO DELIVERY VALUES(400017,10085);
INSERT INTO DELIVERY VALUES(400017,10086);
INSERT INTO DELIVERY VALUES(400017,10087);
INSERT INTO DELIVERY VALUES(400017,10088);
INSERT INTO DELIVERY VALUES(400017,10089);
INSERT INTO DELIVERY VALUES(400017,10090);
INSERT INTO DELIVERY VALUES(400017,10091);
INSERT INTO DELIVERY VALUES(400017,10092);
INSERT INTO DELIVERY VALUES(400017,10093);
INSERT INTO DELIVERY VALUES(400017,10094);
INSERT INTO DELIVERY VALUES(400017,10095);
INSERT INTO DELIVERY VALUES(400016,10096);
INSERT INTO DELIVERY VALUES(400016,10097);
INSERT INTO DELIVERY VALUES(400016,10098);
INSERT INTO DELIVERY VALUES(400016,10099);
INSERT INTO DELIVERY VALUES(400016,10100);
INSERT INTO DELIVERY VALUES(400016,10101);
INSERT INTO DELIVERY VALUES(400016,10102);
INSERT INTO DELIVERY VALUES(400016,10103);
INSERT INTO DELIVERY VALUES(400016,10104);
INSERT INTO DELIVERY VALUES(400016,10105);
INSERT INTO DELIVERY VALUES(400016,10106);
INSERT INTO DELIVERY VALUES(400016,10107);
INSERT INTO DELIVERY VALUES(400016,10108);
INSERT INTO DELIVERY VALUES(400016,10109);
INSERT INTO DELIVERY VALUES(400016,10110);
INSERT INTO DELIVERY VALUES(400017,10111);
INSERT INTO DELIVERY VALUES(400017,10112);
INSERT INTO DELIVERY VALUES(400017,10113);
INSERT INTO DELIVERY VALUES(400016,10114);
INSERT INTO DELIVERY VALUES(400016,10115);
INSERT INTO DELIVERY VALUES(400016,10116);
INSERT INTO DELIVERY VALUES(400016,10117);
INSERT INTO DELIVERY VALUES(400017,10118);
INSERT INTO DELIVERY VALUES(400017,10119);
INSERT INTO DELIVERY VALUES(400017,10120);
INSERT INTO DELIVERY VALUES(400016,10121);
INSERT INTO DELIVERY VALUES(400016,10122);
INSERT INTO DELIVERY VALUES(400016,10123);
INSERT INTO DELIVERY VALUES(400016,10124);
INSERT INTO DELIVERY VALUES(400017,10125);
INSERT INTO DELIVERY VALUES(400017,10126);
INSERT INTO DELIVERY VALUES(400017,10127);
INSERT INTO DELIVERY VALUES(400016,10128);
INSERT INTO DELIVERY VALUES(400016,10129);
INSERT INTO DELIVERY VALUES(400016,10130);
INSERT INTO DELIVERY VALUES(400016,10131);
INSERT INTO DELIVERY VALUES(400017,10132);
INSERT INTO DELIVERY VALUES(400017,10133);
INSERT INTO DELIVERY VALUES(400017,10134);
INSERT INTO DELIVERY VALUES(400015,10135);
INSERT INTO DELIVERY VALUES(400015,10136);
INSERT INTO DELIVERY VALUES(400015,10137);
INSERT INTO DELIVERY VALUES(400015,10138);
INSERT INTO DELIVERY VALUES(400015,10139);
INSERT INTO DELIVERY VALUES(400015,10140);
INSERT INTO DELIVERY VALUES(400016,10141);
INSERT INTO DELIVERY VALUES(400016,10142);
INSERT INTO DELIVERY VALUES(400016,10143);
INSERT INTO DELIVERY VALUES(400017,10144);
INSERT INTO DELIVERY VALUES(400017,10145);
INSERT INTO DELIVERY VALUES(400017,10146);
INSERT INTO DELIVERY VALUES(400017,10147);
INSERT INTO DELIVERY VALUES(400017,10148);
INSERT INTO DELIVERY VALUES(400017,10149);
INSERT INTO DELIVERY VALUES(400017,10150);
INSERT INTO DELIVERY VALUES(400015,10151);
INSERT INTO DELIVERY VALUES(400015,10152);
INSERT INTO DELIVERY VALUES(400015,10153);
INSERT INTO DELIVERY VALUES(400015,10154);
INSERT INTO DELIVERY VALUES(400015,10155);
INSERT INTO DELIVERY VALUES(400015,10156);
INSERT INTO DELIVERY VALUES(400016,10157);
INSERT INTO DELIVERY VALUES(400016,10158);
INSERT INTO DELIVERY VALUES(400016,10159);
INSERT INTO DELIVERY VALUES(400017,10160);
INSERT INTO DELIVERY VALUES(400017,10161);
INSERT INTO DELIVERY VALUES(400017,10162);
INSERT INTO DELIVERY VALUES(400017,10163);
INSERT INTO DELIVERY VALUES(400017,10164);
INSERT INTO DELIVERY VALUES(400017,10165);
INSERT INTO DELIVERY VALUES(400017,10166);
INSERT INTO DELIVERY VALUES(400015,10167);
INSERT INTO DELIVERY VALUES(400015,10168);
INSERT INTO DELIVERY VALUES(400015,10169);
INSERT INTO DELIVERY VALUES(400015,10170);
INSERT INTO DELIVERY VALUES(400015,10171);
INSERT INTO DELIVERY VALUES(400015,10172);
INSERT INTO DELIVERY VALUES(400016,10173);
INSERT INTO DELIVERY VALUES(400016,10174);
INSERT INTO DELIVERY VALUES(400016,10175);
INSERT INTO DELIVERY VALUES(400017,10176);
INSERT INTO DELIVERY VALUES(400017,10177);
INSERT INTO DELIVERY VALUES(400017,10178);
INSERT INTO DELIVERY VALUES(400017,10179);
INSERT INTO DELIVERY VALUES(400015,10180);
INSERT INTO DELIVERY VALUES(400015,10181);
INSERT INTO DELIVERY VALUES(400015,10182);
INSERT INTO DELIVERY VALUES(400016,10183);
INSERT INTO DELIVERY VALUES(400016,10184);
INSERT INTO DELIVERY VALUES(400016,10185);
INSERT INTO DELIVERY VALUES(400016,10186);
INSERT INTO DELIVERY VALUES(400016,10187);
INSERT INTO DELIVERY VALUES(400017,10188);
INSERT INTO DELIVERY VALUES(400017,10189);
INSERT INTO DELIVERY VALUES(400017,10190);
INSERT INTO DELIVERY VALUES(400015,10191);
INSERT INTO DELIVERY VALUES(400015,10192);
INSERT INTO DELIVERY VALUES(400015,10193);
INSERT INTO DELIVERY VALUES(400016,10194);
INSERT INTO DELIVERY VALUES(400016,10195);
INSERT INTO DELIVERY VALUES(400017,10196);
INSERT INTO DELIVERY VALUES(400017,10197);
INSERT INTO DELIVERY VALUES(400017,10198);
INSERT INTO DELIVERY VALUES(400017,10199);
INSERT INTO DELIVERY VALUES(400017,10200);
INSERT INTO DELIVERY VALUES(400015,10201);
INSERT INTO DELIVERY VALUES(400015,10202);
INSERT INTO DELIVERY VALUES(400015,10203);
INSERT INTO DELIVERY VALUES(400016,10204);
INSERT INTO DELIVERY VALUES(400016,10205);
INSERT INTO DELIVERY VALUES(400017,10206);
INSERT INTO DELIVERY VALUES(400017,10207);
INSERT INTO DELIVERY VALUES(400017,10208);
INSERT INTO DELIVERY VALUES(400017,10209);
INSERT INTO DELIVERY VALUES(400017,10210);
INSERT INTO DELIVERY VALUES(400015,10211);
INSERT INTO DELIVERY VALUES(400015,10212);
INSERT INTO DELIVERY VALUES(400015,10213);
INSERT INTO DELIVERY VALUES(400016,10214);
INSERT INTO DELIVERY VALUES(400016,10215);
INSERT INTO DELIVERY VALUES(400017,10216);
INSERT INTO DELIVERY VALUES(400017,10217);
INSERT INTO DELIVERY VALUES(400017,10218);
INSERT INTO DELIVERY VALUES(400015,10219);
INSERT INTO DELIVERY VALUES(400015,10220);
INSERT INTO DELIVERY VALUES(400015,10221);
INSERT INTO DELIVERY VALUES(400016,10222);
INSERT INTO DELIVERY VALUES(400016,10223);
INSERT INTO DELIVERY VALUES(400016,10224);
INSERT INTO DELIVERY VALUES(400016,10225);
INSERT INTO DELIVERY VALUES(400017,10226);
INSERT INTO DELIVERY VALUES(400017,10227);
INSERT INTO DELIVERY VALUES(400017,10228);
INSERT INTO DELIVERY VALUES(400015,10229);
INSERT INTO DELIVERY VALUES(400015,10230);
INSERT INTO DELIVERY VALUES(400015,10231);
INSERT INTO DELIVERY VALUES(400016,10232);
INSERT INTO DELIVERY VALUES(400016,10233);
INSERT INTO DELIVERY VALUES(400017,10234);
INSERT INTO DELIVERY VALUES(400017,10235);
INSERT INTO DELIVERY VALUES(400017,10236);
INSERT INTO DELIVERY VALUES(400015,10237);
INSERT INTO DELIVERY VALUES(400016,10238);
INSERT INTO DELIVERY VALUES(400016,10239);
INSERT INTO DELIVERY VALUES(400016,10240);
INSERT INTO DELIVERY VALUES(400017,10241);
INSERT INTO DELIVERY VALUES(400017,10242);
INSERT INTO DELIVERY VALUES(400017,10243);
INSERT INTO DELIVERY VALUES(400015,10244);
INSERT INTO DELIVERY VALUES(400015,10245);
INSERT INTO DELIVERY VALUES(400015,10246);
INSERT INTO DELIVERY VALUES(400016,10247);
INSERT INTO DELIVERY VALUES(400016,10248);
INSERT INTO DELIVERY VALUES(400017,10249);
INSERT INTO DELIVERY VALUES(400017,10250);
INSERT INTO DELIVERY VALUES(400017,10251);
INSERT INTO DELIVERY VALUES(400015,10252);
INSERT INTO DELIVERY VALUES(400017,10253);
INSERT INTO DELIVERY VALUES(400017,10254);
INSERT INTO DELIVERY VALUES(400017,10255);
INSERT INTO DELIVERY VALUES(400015,10256);
INSERT INTO DELIVERY VALUES(400015,10257);
INSERT INTO DELIVERY VALUES(400015,10258);
INSERT INTO DELIVERY VALUES(400016,10259);
INSERT INTO DELIVERY VALUES(400016,10260);



INSERT INTO SERVICE VALUES(100,'Non Precious PFM',65.00);
INSERT INTO SERVICE VALUES(101,'Semi Precious PFM',85.00);
INSERT INTO SERVICE VALUES(102,'Porcelain Labial Margins',20.00);
INSERT INTO SERVICE VALUES(103,'Metal Occlusal for PFM',20.00);
INSERT INTO SERVICE VALUES(104,'Full 360 Degree Porcelain Margins',25.00);
INSERT INTO SERVICE VALUES(105,'Fit to the Partial for Crown',30.00);
INSERT INTO SERVICE VALUES(106,'Full Metal Crown',55.00);
INSERT INTO SERVICE VALUES(107,'Post and Core',40.00);
INSERT INTO SERVICE VALUES(108,'Zirconia',99.00);
INSERT INTO SERVICE VALUES(109,'Veneer',99.00);
INSERT INTO SERVICE VALUES(110,'Custom Abutment',150.00);
INSERT INTO SERVICE VALUES(111,'Implant',120.00);
INSERT INTO SERVICE VALUES(112,'Flexite or Valplast Bilateral Partial',120.00);
INSERT INTO SERVICE VALUES(113,'Flexite or Valplast Unilateral Partial',75.00);
INSERT INTO SERVICE VALUES(114,'Framework with Teeth One Time Finish',180.00);
INSERT INTO SERVICE VALUES(115,'Framework Co-Cr Unilateral',75.00);
INSERT INTO SERVICE VALUES(116,'Framework Co-Cr Bilateral',85.00);
INSERT INTO SERVICE VALUES(117,'Framework Vitallium Unilateral ',95.00);
INSERT INTO SERVICE VALUES(118,'Framework Vitallium Bilateral ',110.00);
INSERT INTO SERVICE VALUES(119,'Teeth Try In ',40.00);
INSERT INTO SERVICE VALUES(120,'Bite Block ',30.00);
INSERT INTO SERVICE VALUES(121,'Regular Acylic Process and Finish',80.00);
INSERT INTO SERVICE VALUES(122,'Flexite Material Process and Finish',100.00);
INSERT INTO SERVICE VALUES(123,'Add Tooth for Regular Acylic ',5.00);
INSERT INTO SERVICE VALUES(124,'Add Tooth for Flexite Material ',8.00);
INSERT INTO SERVICE VALUES(125,'Full Acrylic Denture',120.00);
INSERT INTO SERVICE VALUES(126,'Stayplate',80.00);
INSERT INTO SERVICE VALUES(127,'Cast Rest',10.00);
INSERT INTO SERVICE VALUES(128,'Cast Clasp',30.00);
INSERT INTO SERVICE VALUES(129,'Retainer',100.00);
INSERT INTO SERVICE VALUES(130,'Soft Nightguard',70.00);
INSERT INTO SERVICE VALUES(131,'Hard Nightguard',70.00);
INSERT INTO SERVICE VALUES(132,'Soft Inside and Hard Outside Nightguard',80.00);
INSERT INTO SERVICE VALUES(133,'Repair ',60.00);
INSERT INTO SERVICE VALUES(134,'Add Wire Clasp',15.00);
INSERT INTO SERVICE VALUES(135,'Reline',80.00);
INSERT INTO SERVICE VALUES(136,'Rush Fee',30.00);
INSERT INTO SERVICE VALUES(137,'Full Gold Crown',100.00);
INSERT INTO SERVICE VALUES(138,'Labor Fee',50.00);

INSERT INTO CASE_INVOICE_LINE VALUES(10000,112,'Valplast Bilateral Upper Lower',2.00,120.00,21.00,261.00);
INSERT INTO CASE_INVOICE_LINE VALUES(10000,127,'Cast 6 Rests Upper',6.00,10.00,5.25,65.25);
INSERT INTO CASE_INVOICE_LINE VALUES(10000,136,'Rush Fee ',1.00,30.00,2.63,32.63);
INSERT INTO CASE_INVOICE_LINE VALUES(10001,100,'Non Precious PFM #10-14',5.00,65.00,28.44,353.44);
INSERT INTO CASE_INVOICE_LINE VALUES(10001,105,'Fit to the Partial for #10-14',5.00,30.00,13.13,163.13);
INSERT INTO CASE_INVOICE_LINE VALUES(10001,104,'Full 360 Degree Porcelain Margins #10-14',5.00,25.00,10.94,135.94);
INSERT INTO CASE_INVOICE_LINE VALUES(10001,136,'Rush Fee ',1.00,30.00,2.63,32.63);
INSERT INTO CASE_INVOICE_LINE VALUES(10002,126,'Stayplate Lower',1.00,80.00,7.00,87.00);
INSERT INTO CASE_INVOICE_LINE VALUES(10002,123,'Add 10 Teeth for Regular Acylic ',10.00,5.00,4.38,54.38);
INSERT INTO CASE_INVOICE_LINE VALUES(10002,134,'Add 2 Wire Clasps',2.00,15.00,2.63,32.63);
INSERT INTO CASE_INVOICE_LINE VALUES(10002,119,'Teeth Try In Lower',1.00,40.00,3.50,43.50);
INSERT INTO CASE_INVOICE_LINE VALUES(10003,108,'Zirconia #2-14',13.00,99.00,112.61,1399.61);
INSERT INTO CASE_INVOICE_LINE VALUES(10003,136,'Rush Fee',1.00,30.00,2.63,32.63);
INSERT INTO CASE_INVOICE_LINE VALUES(10004,116,'Framework Co-Cr Bilateral Upper',1.00,85.00,7.44,92.44);
INSERT INTO CASE_INVOICE_LINE VALUES(10004,121,'Regular Acylic Process and Finish Upper',1.00,80.00,7.00,87.00);
INSERT INTO CASE_INVOICE_LINE VALUES(10004,123,'Add 10 Teeth for Regular Acylic Upper',10.00,5.00,4.38,54.38);
INSERT INTO CASE_INVOICE_LINE VALUES(10004,119,'Teeth Try In Upper',1.00,40.00,3.50,43.50);
INSERT INTO CASE_INVOICE_LINE VALUES(10005,135,'Reline Upper Lower',2.00,80.00,14.00,174.00);
INSERT INTO CASE_INVOICE_LINE VALUES(10006,100,'Non Precious PFM #3-15',13.00,65.00,73.94,918.94);
INSERT INTO CASE_INVOICE_LINE VALUES(10006,102,'Porcelain Labial Margins #3-15',13.00,20.00,22.75,282.75);
INSERT INTO CASE_INVOICE_LINE VALUES(10006,132,'Soft Inside and Hard Outside Nightguard Lower',1.00,80.00,7.00,87.00);
INSERT INTO CASE_INVOICE_LINE VALUES(10006,108,'Zirconia #18-25',8.00,99.00,69.30,861.30);
INSERT INTO CASE_INVOICE_LINE VALUES(10006,136,'Rush Fee ',1.00,30.00,2.63,32.63);
INSERT INTO CASE_INVOICE_LINE VALUES(10007,132,'Soft Inside and Hard Outside Nightguard Lower',1.00,80.00,7.00,87.00);
INSERT INTO CASE_INVOICE_LINE VALUES(10008,130,'Soft Nightguard Upper Lower',2.00,70.00,12.25,152.25);
INSERT INTO CASE_INVOICE_LINE VALUES(10009,113,'Valplast Unilateral Lower Left and Lower Right',2.00,75.00,13.13,163.13);
INSERT INTO CASE_INVOICE_LINE VALUES(10010,101,'Semi Precious PFM #4-10',7.00,85.00,52.06,647.06);
INSERT INTO CASE_INVOICE_LINE VALUES(10010,104,'Full 360 Degree Porcelain Margins #4-10',7.00,25.00,15.31,190.31);
INSERT INTO CASE_INVOICE_LINE VALUES(10010,131,'Hard Nightguard Upper Lower',2.00,70.00,12.25,152.25);
INSERT INTO CASE_INVOICE_LINE VALUES(10011,131,'Hard Nightguard Upper Lower',2.00,70.00,12.25,152.25);
INSERT INTO CASE_INVOICE_LINE VALUES(10012,100,'Non Precious PFM #3-14',12.00,65.00,68.25,848.25);
INSERT INTO CASE_INVOICE_LINE VALUES(10012,104,'Full 360 Degree Porcelain Margins #3-14',12.00,25.00,26.25,326.25);
INSERT INTO CASE_INVOICE_LINE VALUES(10013,108,'Zirconia #18-25',8.00,99.00,69.30,861.30);
INSERT INTO CASE_INVOICE_LINE VALUES(10013,136,'Rush Fee ',1.00,30.00,2.63,32.63);
INSERT INTO CASE_INVOICE_LINE VALUES(10014,107,'Post and Core #28',1.00,40.00,3.50,43.50);
INSERT INTO CASE_INVOICE_LINE VALUES(10015,114,'Framework with Teeth One Time Finish Upper Lower',2.00,180.00,31.50,391.50);
INSERT INTO CASE_INVOICE_LINE VALUES(10016,133,'Repair Stayplat Upper ',1.00,60.00,5.25,65.25);
INSERT INTO CASE_INVOICE_LINE VALUES(10016,123,'Add 6 Teeth for Regular Acylic Upper',6.00,5.00,2.63,32.63);
INSERT INTO CASE_INVOICE_LINE VALUES(10016,134,'Add 3 Wire Clasp',3.00,15.00,3.94,48.94);
INSERT INTO CASE_INVOICE_LINE VALUES(10017,106,'Full Metal Crown #30-31',2.00,55.00,9.63,119.63);
INSERT INTO CASE_INVOICE_LINE VALUES(10018,101,'Semi Precious PFM #20-25',6.00,85.00,44.63,554.63);
INSERT INTO CASE_INVOICE_LINE VALUES(10018,103,'Metal Occlusal for #20-25',6.00,20.00,10.50,130.50);
INSERT INTO CASE_INVOICE_LINE VALUES(10019,118,'Framework Vitallium Bilateral Lower',1.00,110.00,9.63,119.63);
INSERT INTO CASE_INVOICE_LINE VALUES(10019,121,'Regular Acylic Process and Finish Lower',1.00,80.00,7.00,87.00);
INSERT INTO CASE_INVOICE_LINE VALUES(10019,123,'Add 12 Teeth for Regular Acylic Lower',12.00,5.00,5.25,65.25);
INSERT INTO CASE_INVOICE_LINE VALUES(10019,119,'Teeth Try In Lower',1.00,40.00,3.50,43.50);
INSERT INTO CASE_INVOICE_LINE VALUES(10020,108,'Zirconia #11-14',4.00,99.00,34.65,430.65);
INSERT INTO CASE_INVOICE_LINE VALUES(10020,136,'Rush Fee ',1.00,30.00,2.63,32.63);
INSERT INTO CASE_INVOICE_LINE VALUES(10021,112,'Valplast Bilateral Upper and Lower',2.00,120.00,21.00,261.00);
INSERT INTO CASE_INVOICE_LINE VALUES(10021,127,'Cast 4 Rests Upper',4.00,10.00,3.50,43.50);
INSERT INTO CASE_INVOICE_LINE VALUES(10021,119,'Teeth Try In Upper Lower',2.00,40.00,7.00,87.00);
INSERT INTO CASE_INVOICE_LINE VALUES(10022,129,'Retainer Upper Lower',2.00,100.00,17.50,217.50);
INSERT INTO CASE_INVOICE_LINE VALUES(10023,133,'Repair Full Acrylic Denture',1.00,60.00,5.25,65.25);
INSERT INTO CASE_INVOICE_LINE VALUES(10024,135,'Reline Lower',1.00,80.00,7.00,87.00);
INSERT INTO CASE_INVOICE_LINE VALUES(10024,101,'Semi Precious PFM #20-25',6.00,85.00,44.63,554.63);
INSERT INTO CASE_INVOICE_LINE VALUES(10024,103,'Metal Occlusal for #20-25',6.00,20.00,10.50,130.50);
INSERT INTO CASE_INVOICE_LINE VALUES(10025,125,'Full Acrylic Denture Upper Lower',2.00,120.00,21.00,261.00);
INSERT INTO CASE_INVOICE_LINE VALUES(10025,119,'Teeth Try In Upper Lower',2.00,40.00,7.00,87.00);
INSERT INTO CASE_INVOICE_LINE VALUES(10025,120,'Bite Block Upper Lower',2.00,30.00,5.25,65.25);
INSERT INTO CASE_INVOICE_LINE VALUES(10025,136,'Rush Fee Upper Lower',2.00,30.00,5.25,65.25);
INSERT INTO CASE_INVOICE_LINE VALUES(10026,111,'Implant #12-14',3.00,120.00,31.50,391.50);
INSERT INTO CASE_INVOICE_LINE VALUES(10026,110,'Custom Abutment #12-14',3.00,150.00,39.38,489.38);
INSERT INTO CASE_INVOICE_LINE VALUES(10026,101,'Semi Precious PFM #8-13',6.00,85.00,44.63,554.63);
INSERT INTO CASE_INVOICE_LINE VALUES(10026,103,'Metal Occlusal for #8-13',6.00,20.00,10.50,130.50);
INSERT INTO CASE_INVOICE_LINE VALUES(10027,114,'Framework with Teeth One Time Finish Upper Lower',2.00,180.00,31.50,391.50);
INSERT INTO CASE_INVOICE_LINE VALUES(10027,136,'Rush Fee Lower',1.00,30.00,2.63,32.63);
INSERT INTO CASE_INVOICE_LINE VALUES(10028,101,'Semi Precious PFM #5-13',9.00,85.00,66.94,831.94);
INSERT INTO CASE_INVOICE_LINE VALUES(10029,101,'Semi Precious PFM #2-8',7.00,85.00,52.06,647.06);
INSERT INTO CASE_INVOICE_LINE VALUES(10030,108,'Zirconia #2-14',13.00,99.00,112.61,1399.61);
INSERT INTO CASE_INVOICE_LINE VALUES(10030,136,'Rush Fee',1.00,30.00,2.63,32.63);
INSERT INTO CASE_INVOICE_LINE VALUES(10031,100,'Non Precious PFM #10-14',5.00,65.00,28.44,353.44);
INSERT INTO CASE_INVOICE_LINE VALUES(10032,101,'Semi Precious PFM #18-30',13.00,85.00,96.69,1201.69);
INSERT INTO CASE_INVOICE_LINE VALUES(10032,103,'Metal Occlusal for #18-20,28-30',6.00,20.00,10.50,130.50);
INSERT INTO CASE_INVOICE_LINE VALUES(10032,121,'Flexite Material Process and Finish Lower',1.00,100.00,8.75,108.75);
INSERT INTO CASE_INVOICE_LINE VALUES(10032,124,'Add 13 Teeth for Flexite Material Lower',13.00,8.00,9.10,113.10);
INSERT INTO CASE_INVOICE_LINE VALUES(10032,119,'Teeth Try In Lower',1.00,40.00,3.50,43.50);
INSERT INTO CASE_INVOICE_LINE VALUES(10032,136,'Rush Fee Lower',1.00,30.00,2.63,32.63);
INSERT INTO CASE_INVOICE_LINE VALUES(10032,131,'Hard Nightguard Upper Lower',2.00,70.00,12.25,152.25);
INSERT INTO CASE_INVOICE_LINE VALUES(10033,114,'Framework with Teeth One Time Finish Upper and Lower',2.00,180.00,31.50,391.50);
INSERT INTO CASE_INVOICE_LINE VALUES(10034,100,'Non Precious PFM #2-14, 22-24',16.00,65.00,91.00,1131.00);
INSERT INTO CASE_INVOICE_LINE VALUES(10034,104,'Full 360 Degree Porcelain Margins #2-14',14.00,25.00,30.63,380.63);
INSERT INTO CASE_INVOICE_LINE VALUES(10034,105,'Fit to the Partial for #22,24',2.00,30.00,5.25,65.25);
INSERT INTO CASE_INVOICE_LINE VALUES(10035,101,'Semi Precious PFM #6-14',7.00,85.00,52.06,647.06);
INSERT INTO CASE_INVOICE_LINE VALUES(10036,108,'Zirconia #2-14',13.00,99.00,112.61,1399.61);
INSERT INTO CASE_INVOICE_LINE VALUES(10037,100,'Non Precious PFM #20-31',12.00,65.00,68.25,848.25);
INSERT INTO CASE_INVOICE_LINE VALUES(10037,103,'Metal Occlusal for #20-25',6.00,20.00,10.50,130.50);
INSERT INTO CASE_INVOICE_LINE VALUES(10038,100,'Non Precious PFM #4-14',11.00,65.00,62.56,777.56);
INSERT INTO CASE_INVOICE_LINE VALUES(10038,103,'Metal Occlusal for #4-9',6.00,20.00,10.50,130.50);
INSERT INTO CASE_INVOICE_LINE VALUES(10038,107,'Post and Core #4,13',2.00,40.00,7.00,87.00);
INSERT INTO CASE_INVOICE_LINE VALUES(10039,125,'Full Acrylic Denture Upper Lower',2.00,120.00,21.00,261.00);
INSERT INTO CASE_INVOICE_LINE VALUES(10039,119,'Teeth Try In Upper Lower',2.00,40.00,7.00,87.00);
INSERT INTO CASE_INVOICE_LINE VALUES(10039,120,'Bite Block Upper Lower',2.00,30.00,5.25,65.25);
INSERT INTO CASE_INVOICE_LINE VALUES(10040,111,'Implant #28-30',3.00,120.00,31.50,391.50);
INSERT INTO CASE_INVOICE_LINE VALUES(10040,110,'Custom Abutment #28-30',3.00,150.00,39.38,489.38);
INSERT INTO CASE_INVOICE_LINE VALUES(10040,100,'Non Precious PFM #18-27',10.00,65.00,56.88,706.88);
INSERT INTO CASE_INVOICE_LINE VALUES(10040,104,'Full 360 Degree Porcelain Margins #18-27',10.00,25.00,21.88,271.88);
INSERT INTO CASE_INVOICE_LINE VALUES(10041,112,'Valplast Bilateral Upper Lower',2.00,120.00,21.00,261.00);
INSERT INTO CASE_INVOICE_LINE VALUES(10041,127,'Cast 4 Rests',4.00,10.00,3.50,43.50);
INSERT INTO CASE_INVOICE_LINE VALUES(10041,136,'Rush Fee Upper Lower',2.00,30.00,5.25,65.25);
INSERT INTO CASE_INVOICE_LINE VALUES(10041,131,'Hard Nightguard Upper Lower',2.00,70.00,12.25,152.25);
INSERT INTO CASE_INVOICE_LINE VALUES(10042,108,'Zirconia #2-14',13.00,99.00,112.61,1399.61);
INSERT INTO CASE_INVOICE_LINE VALUES(10043,126,'Stayplate Upper Lower',2.00,80.00,14.00,174.00);
INSERT INTO CASE_INVOICE_LINE VALUES(10043,123,'Add 14 Teeth for Regular Acylic Upper Lower',14.00,5.00,6.13,76.13);
INSERT INTO CASE_INVOICE_LINE VALUES(10043,134,'Add 3 Wire Clasps Lower',3.00,15.00,3.94,48.94);
INSERT INTO CASE_INVOICE_LINE VALUES(10043,136,'Rush Fee Upper Lower',2.00,30.00,5.25,65.25);
INSERT INTO CASE_INVOICE_LINE VALUES(10044,108,'Zirconia #8-14',7.00,99.00,60.64,753.64);
INSERT INTO CASE_INVOICE_LINE VALUES(10045,130,'Soft Nightguard Upper Lower',2.00,70.00,12.25,152.25);
INSERT INTO CASE_INVOICE_LINE VALUES(10046,133,'Repair Framework Co-Cr Unilateral Upper',1.00,60.00,5.25,65.25);
INSERT INTO CASE_INVOICE_LINE VALUES(10046,128,'Cast 2 Clasps',2.00,30.00,5.25,65.25);
INSERT INTO CASE_INVOICE_LINE VALUES(10047,137,'Full Gold Crown #30',2.23,100.00,19.51,242.51);
INSERT INTO CASE_INVOICE_LINE VALUES(10047,138,'Labor Fee ',1.00,50.00,4.38,54.38);
INSERT INTO CASE_INVOICE_LINE VALUES(10048,115,'Framework Co-Cr Unilateral Upper ',1.00,75.00,6.56,81.56);
INSERT INTO CASE_INVOICE_LINE VALUES(10048,120,'Bite Block',1.00,30.00,2.63,32.63);
INSERT INTO CASE_INVOICE_LINE VALUES(10048,136,'Rush Fee Upper ',1.00,30.00,2.63,32.63);
INSERT INTO CASE_INVOICE_LINE VALUES(10049,111,'Implant #18-19',2.00,120.00,21.00,261.00);
INSERT INTO CASE_INVOICE_LINE VALUES(10049,110,'Custom Abutment #18-19',2.00,150.00,26.25,326.25);
INSERT INTO CASE_INVOICE_LINE VALUES(10050,100,'Non Precious PFM #20-22',3.00,65.00,17.06,212.06);
INSERT INTO CASE_INVOICE_LINE VALUES(10050,107,'Post and Core #20-21',2.00,40.00,7.00,87.00);
INSERT INTO CASE_INVOICE_LINE VALUES(10050,105,'Fit to the Partial for #20-22',3.00,30.00,7.88,97.88);
INSERT INTO CASE_INVOICE_LINE VALUES(10050,104,'Full 360 Degree Porcelain Margins #20-22',3.00,25.00,6.56,81.56);
INSERT INTO CASE_INVOICE_LINE VALUES(10051,100,'Non Precious PFM #3-14, 20-30',23.00,65.00,130.81,1625.81);
INSERT INTO CASE_INVOICE_LINE VALUES(10051,103,'Metal Occlusal for #3-8',6.00,20.00,10.50,130.50);
INSERT INTO CASE_INVOICE_LINE VALUES(10052,111,'Implant #14,18',2.00,120.00,21.00,261.00);
INSERT INTO CASE_INVOICE_LINE VALUES(10052,110,'Custom Abutment #14,18',2.00,150.00,26.25,326.25);
INSERT INTO CASE_INVOICE_LINE VALUES(10053,100,'Non Precious PFM #26-28',3.00,65.00,17.06,212.06);
INSERT INTO CASE_INVOICE_LINE VALUES(10053,107,'Post and Core #26,38',2.00,40.00,7.00,87.00);
INSERT INTO CASE_INVOICE_LINE VALUES(10053,105,'Fit to the Partial for #26,28',2.00,30.00,5.25,65.25);
INSERT INTO CASE_INVOICE_LINE VALUES(10054,109,'Veneer #24-25',2.00,99.00,17.33,215.33);
INSERT INTO CASE_INVOICE_LINE VALUES(10055,135,'Reline Upper Lower',2.00,80.00,14.00,174.00);
INSERT INTO CASE_INVOICE_LINE VALUES(10056,135,'Reline Upper Lower',2.00,80.00,14.00,174.00);
INSERT INTO CASE_INVOICE_LINE VALUES(10057,101,'Semi Precious PFM #6-10',5.00,85.00,37.19,462.19);
INSERT INTO CASE_INVOICE_LINE VALUES(10057,136,'Rush Fee ',1.00,30.00,2.63,32.63);
INSERT INTO CASE_INVOICE_LINE VALUES(10057,131,'Hard Nightguard Upper Lower',2.00,70.00,12.25,152.25);
INSERT INTO CASE_INVOICE_LINE VALUES(10058,100,'Non Precious PFM #24-32',9.00,65.00,51.19,636.19);
INSERT INTO CASE_INVOICE_LINE VALUES(10058,103,'Metal Occlusal for #27-32',6.00,20.00,10.50,130.50);
INSERT INTO CASE_INVOICE_LINE VALUES(10058,105,'Fit to the Partial for #24',1.00,30.00,2.63,32.63);
INSERT INTO CASE_INVOICE_LINE VALUES(10059,100,'Non Precious PFM #11-15',5.00,65.00,28.44,353.44);
INSERT INTO CASE_INVOICE_LINE VALUES(10059,107,'Post and Core #11,13',2.00,40.00,7.00,87.00);
INSERT INTO CASE_INVOICE_LINE VALUES(10060,100,'Non Precious PFM #10-13',3.00,65.00,17.06,212.06);
INSERT INTO CASE_INVOICE_LINE VALUES(10060,104,'Full 360 Degree Porcelain Margins #10-13',3.00,25.00,6.56,81.56);
INSERT INTO CASE_INVOICE_LINE VALUES(10061,137,'Full Gold Crown #31',2.65,100.00,23.19,288.19);
INSERT INTO CASE_INVOICE_LINE VALUES(10061,138,'Labor Fee ',1.00,50.00,4.38,54.38);
INSERT INTO CASE_INVOICE_LINE VALUES(10061,136,'Rush Fee ',1.00,30.00,2.63,32.63);
INSERT INTO CASE_INVOICE_LINE VALUES(10062,101,'Semi Precious PFM #2-12',11.00,85.00,81.81,1016.81);
INSERT INTO CASE_INVOICE_LINE VALUES(10062,103,'Metal Occlusal for #2-7',6.00,20.00,10.50,130.50);
INSERT INTO CASE_INVOICE_LINE VALUES(10063,101,'Semi Precious PFM #18-30',13.00,85.00,96.69,1201.69);
INSERT INTO CASE_INVOICE_LINE VALUES(10063,103,'Metal Occlusal for #18-20,28-30',6.00,20.00,10.50,130.50);
INSERT INTO CASE_INVOICE_LINE VALUES(10064,100,'Non Precious PFM #2-13, 21-31',23.00,65.00,130.81,1625.81);
INSERT INTO CASE_INVOICE_LINE VALUES(10064,105,'Fit to the Partial for #20',1.00,30.00,2.63,32.63);
INSERT INTO CASE_INVOICE_LINE VALUES(10065,100,'Non Precious PFM #4-6',3.00,65.00,17.06,212.06);
INSERT INTO CASE_INVOICE_LINE VALUES(10065,131,'Hard Nightguard Upper Lower',2.00,70.00,12.25,152.25);
INSERT INTO CASE_INVOICE_LINE VALUES(10066,137,'Full Gold Crown #13-14',5.44,100.00,47.60,591.60);
INSERT INTO CASE_INVOICE_LINE VALUES(10066,138,'Labor Fee ',2.00,50.00,8.75,108.75);
INSERT INTO CASE_INVOICE_LINE VALUES(10067,108,'Zirconia #2-14',13.00,99.00,112.61,1399.61);
INSERT INTO CASE_INVOICE_LINE VALUES(10068,101,'Semi Precious PFM #6-14',9.00,85.00,66.94,831.94);
INSERT INTO CASE_INVOICE_LINE VALUES(10068,107,'Post and Core #4,13',2.00,40.00,7.00,87.00);
INSERT INTO CASE_INVOICE_LINE VALUES(10069,101,'Semi Precious PFM #2-8',7.00,85.00,52.06,647.06);
INSERT INTO CASE_INVOICE_LINE VALUES(10069,103,'Metal Occlusal for #2-7',6.00,20.00,10.50,130.50);
INSERT INTO CASE_INVOICE_LINE VALUES(10069,131,'Hard Nightguard Upper Lower',2.00,70.00,12.25,152.25);
INSERT INTO CASE_INVOICE_LINE VALUES(10070,113,'Valplast Unilateral Lower',1.00,75.00,6.56,81.56);
INSERT INTO CASE_INVOICE_LINE VALUES(10071,135,'Reline Lower',1.00,80.00,7.00,87.00);
INSERT INTO CASE_INVOICE_LINE VALUES(10072,100,'Non Precious PFM #3-14, 18-28',23.00,65.00,130.81,1625.81);
INSERT INTO CASE_INVOICE_LINE VALUES(10073,109,'Veneer #22-26',5.00,99.00,43.31,538.31);
INSERT INTO CASE_INVOICE_LINE VALUES(10074,137,'Full Gold Crown #2-3',5.73,100.00,50.14,623.14);
INSERT INTO CASE_INVOICE_LINE VALUES(10074,138,'Labor Fee ',2.00,50.00,8.75,108.75);
INSERT INTO CASE_INVOICE_LINE VALUES(10075,113,'Valplast Unilateral Lower Left and Lower Right',2.00,75.00,13.13,163.13);
INSERT INTO CASE_INVOICE_LINE VALUES(10076,101,'Semi Precious PFM #6-8',3.00,85.00,22.31,277.31);
INSERT INTO CASE_INVOICE_LINE VALUES(10077,100,'Non Precious PFM #12-14',3.00,65.00,17.06,212.06);
INSERT INTO CASE_INVOICE_LINE VALUES(10077,105,'Fit to the Partial for #12-14',3.00,30.00,7.88,97.88);
INSERT INTO CASE_INVOICE_LINE VALUES(10078,101,'Semi Precious PFM #5-13',9.00,85.00,66.94,831.94);
INSERT INTO CASE_INVOICE_LINE VALUES(10078,103,'Metal Occlusal for #5-10',6.00,20.00,10.50,130.50);
INSERT INTO CASE_INVOICE_LINE VALUES(10079,129,'Retainer Upper Lower',2.00,100.00,17.50,217.50);
INSERT INTO CASE_INVOICE_LINE VALUES(10080,112,'Valplast Bilateral Upper and Lower',2.00,120.00,21.00,261.00);
INSERT INTO CASE_INVOICE_LINE VALUES(10080,127,'Cast 5 Rests Upper and Lowr',5.00,10.00,4.38,54.38);
INSERT INTO CASE_INVOICE_LINE VALUES(10081,125,'Full Acrylic Denture Upper Lower',2.00,120.00,21.00,261.00);
INSERT INTO CASE_INVOICE_LINE VALUES(10081,119,'Teeth Try In Upper Lower',2.00,40.00,7.00,87.00);
INSERT INTO CASE_INVOICE_LINE VALUES(10081,120,'Bite Block Upper Lower',2.00,30.00,5.25,65.25);
INSERT INTO CASE_INVOICE_LINE VALUES(10081,136,'Rush Fee Upper Lower',2.00,30.00,5.25,65.25);
INSERT INTO CASE_INVOICE_LINE VALUES(10082,109,'Veneer #25',1.00,99.00,8.66,107.66);
INSERT INTO CASE_INVOICE_LINE VALUES(10083,114,'Framework with Teeth One Time Finish Upper',1.00,180.00,15.75,195.75);
INSERT INTO CASE_INVOICE_LINE VALUES(10084,133,'Repair Stayplat Upper ',1.00,60.00,5.25,65.25);
INSERT INTO CASE_INVOICE_LINE VALUES(10084,123,'Add 4 Teeth for Regular Acylic Upper',4.00,5.00,1.75,21.75);
INSERT INTO CASE_INVOICE_LINE VALUES(10084,134,'Add 2 Wire Clasp',2.00,15.00,2.63,32.63);
INSERT INTO CASE_INVOICE_LINE VALUES(10085,100,'Non Precious PFM #28-31',4.00,65.00,22.75,282.75);
INSERT INTO CASE_INVOICE_LINE VALUES(10086,131,'Hard Nightguard Upper and Lower',2.00,70.00,12.25,152.25);
INSERT INTO CASE_INVOICE_LINE VALUES(10087,131,'Hard Nightguard Lower',1.00,70.00,6.13,76.13);
INSERT INTO CASE_INVOICE_LINE VALUES(10088,133,'Repair Stayplat Upper ',1.00,60.00,5.25,65.25);
INSERT INTO CASE_INVOICE_LINE VALUES(10088,123,'Add 3 Teeth for Regular Acylic Upper',3.00,5.00,1.31,16.31);
INSERT INTO CASE_INVOICE_LINE VALUES(10088,134,'Add 1 Wire Clasp',1.00,15.00,1.31,16.31);
INSERT INTO CASE_INVOICE_LINE VALUES(10089,137,'Full Gold Crown #31',2.53,100.00,22.14,275.14);
INSERT INTO CASE_INVOICE_LINE VALUES(10089,138,'Labor Fee ',1.00,50.00,4.38,54.38);
INSERT INTO CASE_INVOICE_LINE VALUES(10090,100,'Non Precious PFM #19-30',12.00,65.00,68.25,848.25);
INSERT INTO CASE_INVOICE_LINE VALUES(10090,104,'Full 360 Degree Porcelain Margins #19-30',12.00,25.00,26.25,326.25);
INSERT INTO CASE_INVOICE_LINE VALUES(10091,113,'Valplast Unilateral Upper',1.00,75.00,6.56,81.56);
INSERT INTO CASE_INVOICE_LINE VALUES(10092,126,'Stayplate Lower',1.00,80.00,7.00,87.00);
INSERT INTO CASE_INVOICE_LINE VALUES(10092,123,'Add 10 Teeth for Regular Acylic ',10.00,5.00,4.38,54.38);
INSERT INTO CASE_INVOICE_LINE VALUES(10092,134,'Add 3 Wire Clasps',3.00,15.00,3.94,48.94);
INSERT INTO CASE_INVOICE_LINE VALUES(10092,119,'Teeth Try In Lower',1.00,40.00,3.50,43.50);
INSERT INTO CASE_INVOICE_LINE VALUES(10093,114,'Framework with Teeth One Time Finish Upper Lower',2.00,180.00,31.50,391.50);
INSERT INTO CASE_INVOICE_LINE VALUES(10093,136,'Rush Fee Upper Lower',2.00,30.00,5.25,65.25);
INSERT INTO CASE_INVOICE_LINE VALUES(10094,108,'Zirconia #18-20',3.00,99.00,25.99,322.99);
INSERT INTO CASE_INVOICE_LINE VALUES(10095,114,'Framework with Teeth One Time Finish Upper',1.00,180.00,15.75,195.75);
INSERT INTO CASE_INVOICE_LINE VALUES(10096,100,'Non Precious PFM #20-22',3.00,65.00,17.06,212.06);
INSERT INTO CASE_INVOICE_LINE VALUES(10096,105,'Fit to the Partial for #20-22',3.00,30.00,7.88,97.88);
INSERT INTO CASE_INVOICE_LINE VALUES(10097,100,'Non Precious PFM #19-23',5.00,65.00,28.44,353.44);
INSERT INTO CASE_INVOICE_LINE VALUES(10097,104,'Full 360 Degree Porcelain Margins #19-23',5.00,25.00,10.94,135.94);
INSERT INTO CASE_INVOICE_LINE VALUES(10098,131,'Hard Nightguard Lower',1.00,70.00,6.13,76.13);
INSERT INTO CASE_INVOICE_LINE VALUES(10099,109,'Veneer #8-9',2.00,99.00,17.33,215.33);
INSERT INTO CASE_INVOICE_LINE VALUES(10100,130,'Soft Nightguard Upper Lower',2.00,70.00,12.25,152.25);
INSERT INTO CASE_INVOICE_LINE VALUES(10101,111,'Implant #3-4',2.00,120.00,21.00,261.00);
INSERT INTO CASE_INVOICE_LINE VALUES(10101,110,'Custom Abutment #3-4',2.00,150.00,26.25,326.25);
INSERT INTO CASE_INVOICE_LINE VALUES(10102,132,'Soft Inside and Hard Outside Nightguard Lower',1.00,80.00,7.00,87.00);
INSERT INTO CASE_INVOICE_LINE VALUES(10103,129,'Retainer Upper Lower',2.00,100.00,17.50,217.50);
INSERT INTO CASE_INVOICE_LINE VALUES(10104,137,'Full Gold Crown #18',2.73,100.00,23.89,296.89);
INSERT INTO CASE_INVOICE_LINE VALUES(10104,138,'Labor Fee ',1.00,50.00,4.38,54.38);
INSERT INTO CASE_INVOICE_LINE VALUES(10105,114,'Framework with Teeth One Time Finish Upper and Lower',2.00,180.00,31.50,391.50);
INSERT INTO CASE_INVOICE_LINE VALUES(10106,101,'Semi Precious PFM #6-8',3.00,85.00,22.31,277.31);
INSERT INTO CASE_INVOICE_LINE VALUES(10107,109,'Veneer #8',1.00,99.00,8.66,107.66);
INSERT INTO CASE_INVOICE_LINE VALUES(10108,101,'Semi Precious PFM #2-8',7.00,85.00,52.06,647.06);
INSERT INTO CASE_INVOICE_LINE VALUES(10109,113,'Valplast Unilateral Lower',1.00,75.00,6.56,81.56);
INSERT INTO CASE_INVOICE_LINE VALUES(10110,113,'Valplast Unilateral Upper Right and Upper Left',2.00,75.00,13.13,163.13);
INSERT INTO CASE_INVOICE_LINE VALUES(10111,126,'Stayplate Lower',1.00,80.00,7.00,87.00);
INSERT INTO CASE_INVOICE_LINE VALUES(10111,123,'Add 13 Teeth for Regular Acylic ',13.00,5.00,5.69,70.69);
INSERT INTO CASE_INVOICE_LINE VALUES(10111,134,'Add 2 Wire Clasps',2.00,15.00,2.63,32.63);
INSERT INTO CASE_INVOICE_LINE VALUES(10111,119,'Teeth Try In Lower',1.00,40.00,3.50,43.50);
INSERT INTO CASE_INVOICE_LINE VALUES(10112,108,'Zirconia #18-20',3.00,99.00,25.99,322.99);
INSERT INTO CASE_INVOICE_LINE VALUES(10113,112,'Valplast Bilateral Lower',1.00,120.00,10.50,130.50);
INSERT INTO CASE_INVOICE_LINE VALUES(10114,112,'Valplast Bilateral Upper Lower',2.00,120.00,21.00,261.00);
INSERT INTO CASE_INVOICE_LINE VALUES(10114,136,'Rush Fee Upper Lower',2.00,30.00,5.25,65.25);
INSERT INTO CASE_INVOICE_LINE VALUES(10115,100,'Non Precious PFM #2-13',12.00,65.00,68.25,848.25);
INSERT INTO CASE_INVOICE_LINE VALUES(10115,105,'Fit to the Partial for #2,13',2.00,30.00,5.25,65.25);
INSERT INTO CASE_INVOICE_LINE VALUES(10116,112,'Valplast Bilateral Lower',1.00,120.00,10.50,130.50);
INSERT INTO CASE_INVOICE_LINE VALUES(10117,114,'Framework with Teeth One Time Finish Upper and Lower',2.00,180.00,31.50,391.50);
INSERT INTO CASE_INVOICE_LINE VALUES(10118,111,'Implant #30-31',2.00,120.00,21.00,261.00);
INSERT INTO CASE_INVOICE_LINE VALUES(10118,110,'Custom Abutment #30-31',2.00,150.00,26.25,326.25);
INSERT INTO CASE_INVOICE_LINE VALUES(10119,130,'Soft Nightguard Upper Lower',2.00,70.00,12.25,152.25);
INSERT INTO CASE_INVOICE_LINE VALUES(10120,111,'Implant #13',1.00,120.00,10.50,130.50);
INSERT INTO CASE_INVOICE_LINE VALUES(10120,110,'Custom Abutment #13',1.00,150.00,13.13,163.13);
INSERT INTO CASE_INVOICE_LINE VALUES(10121,108,'Zirconia #18-19',2.00,99.00,17.33,215.33);
INSERT INTO CASE_INVOICE_LINE VALUES(10122,131,'Hard Nightguard Upper and Lower',2.00,70.00,12.25,152.25);
INSERT INTO CASE_INVOICE_LINE VALUES(10123,132,'Soft Inside and Hard Outside Nightguard Lower',1.00,80.00,7.00,87.00);
INSERT INTO CASE_INVOICE_LINE VALUES(10124,100,'Non Precious PFM #24-28',6.00,65.00,34.13,424.13);
INSERT INTO CASE_INVOICE_LINE VALUES(10124,105,'Fit to the Partial for #24,28',2.00,30.00,5.25,65.25);
INSERT INTO CASE_INVOICE_LINE VALUES(10125,101,'Semi Precious PFM #8-14',7.00,85.00,52.06,647.06);
INSERT INTO CASE_INVOICE_LINE VALUES(10126,113,'Valplast Unilateral Lower',1.00,75.00,6.56,81.56);
INSERT INTO CASE_INVOICE_LINE VALUES(10127,112,'Valplast Bilateral Upper and Lower',2.00,120.00,21.00,261.00);
INSERT INTO CASE_INVOICE_LINE VALUES(10127,127,'Cast 4 Rests Upper and Lower',4.00,10.00,3.50,43.50);
INSERT INTO CASE_INVOICE_LINE VALUES(10128,129,'Retainer Upper Lower',2.00,100.00,17.50,217.50);
INSERT INTO CASE_INVOICE_LINE VALUES(10129,129,'Retainer Upper Lower',2.00,100.00,17.50,217.50);
INSERT INTO CASE_INVOICE_LINE VALUES(10130,100,'Non Precious PFM #10-14',5.00,65.00,28.44,353.44);
INSERT INTO CASE_INVOICE_LINE VALUES(10131,100,'Non Precious PFM #5-8',4.00,65.00,22.75,282.75);
INSERT INTO CASE_INVOICE_LINE VALUES(10132,132,'Soft Inside and Hard Outside Nightguard Upper Lower',2.00,80.00,14.00,174.00);
INSERT INTO CASE_INVOICE_LINE VALUES(10133,109,'Veneer #9',1.00,99.00,8.66,107.66);
INSERT INTO CASE_INVOICE_LINE VALUES(10134,125,'Full Acrylic Denture Upper Lower',2.00,120.00,21.00,261.00);
INSERT INTO CASE_INVOICE_LINE VALUES(10134,119,'Teeth Try In Upper Lower',2.00,40.00,7.00,87.00);
INSERT INTO CASE_INVOICE_LINE VALUES(10134,120,'Bite Block Upper Lower',2.00,30.00,5.25,65.25);
INSERT INTO CASE_INVOICE_LINE VALUES(10134,136,'Rush Fee Upper Lower',2.00,30.00,5.25,65.25);
INSERT INTO CASE_INVOICE_LINE VALUES(10135,130,'Soft Nightguard Upper Lower',2.00,70.00,12.25,152.25);
INSERT INTO CASE_INVOICE_LINE VALUES(10136,112,'Valplast Bilateral Lower',1.00,120.00,10.50,130.50);
INSERT INTO CASE_INVOICE_LINE VALUES(10137,101,'Semi Precious PFM #6-14',7.00,85.00,52.06,647.06);
INSERT INTO CASE_INVOICE_LINE VALUES(10137,104,'Full 360 Degree Porcelain Margins #6-14',7.00,25.00,15.31,190.31);
INSERT INTO CASE_INVOICE_LINE VALUES(10138,100,'Non Precious PFM #22-28',7.00,65.00,39.81,494.81);
INSERT INTO CASE_INVOICE_LINE VALUES(10138,105,'Fit to the Partial for #22,28',2.00,30.00,5.25,65.25);
INSERT INTO CASE_INVOICE_LINE VALUES(10139,129,'Retainer Upper Lower',2.00,100.00,17.50,217.50);
INSERT INTO CASE_INVOICE_LINE VALUES(10140,130,'Soft Nightguard Upper Lower',2.00,70.00,12.25,152.25);
INSERT INTO CASE_INVOICE_LINE VALUES(10141,125,'Full Acrylic Denture Upper Lower',2.00,120.00,21.00,261.00);
INSERT INTO CASE_INVOICE_LINE VALUES(10141,119,'Teeth Try In Upper Lower',2.00,40.00,7.00,87.00);
INSERT INTO CASE_INVOICE_LINE VALUES(10141,120,'Bite Block Upper Lower',2.00,30.00,5.25,65.25);
INSERT INTO CASE_INVOICE_LINE VALUES(10142,100,'Non Precious PFM #8-14',7.00,65.00,39.81,494.81);
INSERT INTO CASE_INVOICE_LINE VALUES(10143,132,'Soft Inside and Hard Outside Nightguard upper Lower',2.00,80.00,14.00,174.00);
INSERT INTO CASE_INVOICE_LINE VALUES(10144,100,'Non Precious PFM #12-15',4.00,65.00,22.75,282.75);
INSERT INTO CASE_INVOICE_LINE VALUES(10144,104,'Full 360 Degree Porcelain Margins #12-15',4.00,25.00,8.75,108.75);
INSERT INTO CASE_INVOICE_LINE VALUES(10145,109,'Veneer #20-26',7.00,99.00,60.64,753.64);
INSERT INTO CASE_INVOICE_LINE VALUES(10145,136,'Rush Fee ',1.00,30.00,2.63,32.63);
INSERT INTO CASE_INVOICE_LINE VALUES(10146,114,'Framework with Teeth One Time Finish Lower',1.00,180.00,15.75,195.75);
INSERT INTO CASE_INVOICE_LINE VALUES(10147,129,'Retainer Upper Lower',2.00,100.00,17.50,217.50);
INSERT INTO CASE_INVOICE_LINE VALUES(10148,125,'Full Acrylic Denture Upper Lower',2.00,120.00,21.00,261.00);
INSERT INTO CASE_INVOICE_LINE VALUES(10148,119,'Teeth Try In Upper Lower',2.00,40.00,7.00,87.00);
INSERT INTO CASE_INVOICE_LINE VALUES(10148,120,'Bite Block Upper Lower',2.00,30.00,5.25,65.25);
INSERT INTO CASE_INVOICE_LINE VALUES(10149,112,'Valplast Bilateral Lower',1.00,120.00,10.50,130.50);
INSERT INTO CASE_INVOICE_LINE VALUES(10150,116,'Framework Co-Cr Bilateral Upper',1.00,85.00,7.44,92.44);
INSERT INTO CASE_INVOICE_LINE VALUES(10150,121,'Regular Acylic Process and Finish Upper',1.00,80.00,7.00,87.00);
INSERT INTO CASE_INVOICE_LINE VALUES(10150,123,'Add 12 Teeth for Regular Acylic Upper',12.00,5.00,5.25,65.25);
INSERT INTO CASE_INVOICE_LINE VALUES(10150,119,'Teeth Try In Upper',1.00,40.00,3.50,43.50);
INSERT INTO CASE_INVOICE_LINE VALUES(10151,108,'Zirconia #10-14',5.00,99.00,43.31,538.31);
INSERT INTO CASE_INVOICE_LINE VALUES(10152,112,'Valplast Bilateral Upper',1.00,120.00,10.50,130.50);
INSERT INTO CASE_INVOICE_LINE VALUES(10153,101,'Semi Precious PFM #6-8',3.00,85.00,22.31,277.31);
INSERT INTO CASE_INVOICE_LINE VALUES(10153,104,'Full 360 Degree Porcelain Margins #6-8',3.00,25.00,6.56,81.56);
INSERT INTO CASE_INVOICE_LINE VALUES(10154,109,'Veneer #22-26',5.00,99.00,43.31,538.31);
INSERT INTO CASE_INVOICE_LINE VALUES(10155,108,'Zirconia #8-12',5.00,99.00,43.31,538.31);
INSERT INTO CASE_INVOICE_LINE VALUES(10156,111,'Implant #18-19',2.00,120.00,21.00,261.00);
INSERT INTO CASE_INVOICE_LINE VALUES(10156,110,'Custom Abutment #18-19',2.00,150.00,26.25,326.25);
INSERT INTO CASE_INVOICE_LINE VALUES(10156,136,'Rush Fee',1.00,30.00,2.63,32.63);
INSERT INTO CASE_INVOICE_LINE VALUES(10157,108,'Zirconia #24-25',2.00,99.00,17.33,215.33);
INSERT INTO CASE_INVOICE_LINE VALUES(10158,112,'Valplast Bilateral Upper',1.00,120.00,10.50,130.50);
INSERT INTO CASE_INVOICE_LINE VALUES(10159,131,'Hard Nightguard Lower',1.00,70.00,6.13,76.13);
INSERT INTO CASE_INVOICE_LINE VALUES(10160,114,'Framework with Teeth One Time Finish Lower',1.00,180.00,15.75,195.75);
INSERT INTO CASE_INVOICE_LINE VALUES(10161,129,'Retainer Upper Lower',2.00,100.00,17.50,217.50);
INSERT INTO CASE_INVOICE_LINE VALUES(10162,132,'Soft Inside and Hard Outside Nightguard Upper',1.00,80.00,7.00,87.00);
INSERT INTO CASE_INVOICE_LINE VALUES(10163,101,'Semi Precious PFM #6-10',5.00,85.00,37.19,462.19);
INSERT INTO CASE_INVOICE_LINE VALUES(10164,108,'Zirconia #20-22',3.00,99.00,25.99,322.99);
INSERT INTO CASE_INVOICE_LINE VALUES(10165,133,'Repair Valplast Lower',1.00,60.00,5.25,65.25);
INSERT INTO CASE_INVOICE_LINE VALUES(10165,124,'Add 6 Teeth for Flexite Material Lower',6.00,8.00,4.20,52.20);
INSERT INTO CASE_INVOICE_LINE VALUES(10166,111,'Implant #14',1.00,120.00,10.50,130.50);
INSERT INTO CASE_INVOICE_LINE VALUES(10166,110,'Custom Abutment #14',1.00,150.00,13.13,163.13);
INSERT INTO CASE_INVOICE_LINE VALUES(10167,108,'Zirconia #8-14',7.00,99.00,60.64,753.64);
INSERT INTO CASE_INVOICE_LINE VALUES(10168,108,'Zirconia #6-10',5.00,99.00,43.31,538.31);
INSERT INTO CASE_INVOICE_LINE VALUES(10169,112,'Valplast Bilateral Upper',1.00,120.00,10.50,130.50);
INSERT INTO CASE_INVOICE_LINE VALUES(10170,116,'Framework Co-Cr Bilateral Upper',1.00,85.00,7.44,92.44);
INSERT INTO CASE_INVOICE_LINE VALUES(10170,121,'Regular Acylic Process and Finish Upper',1.00,80.00,7.00,87.00);
INSERT INTO CASE_INVOICE_LINE VALUES(10170,123,'Add 13 Teeth for Regular Acylic Upper',13.00,5.00,5.69,70.69);
INSERT INTO CASE_INVOICE_LINE VALUES(10170,119,'Teeth Try In Upper',1.00,40.00,3.50,43.50);
INSERT INTO CASE_INVOICE_LINE VALUES(10170,136,'Rush Fee Upper',1.00,30.00,2.63,32.63);
INSERT INTO CASE_INVOICE_LINE VALUES(10171,111,'Implant #4-6',3.00,120.00,31.50,391.50);
INSERT INTO CASE_INVOICE_LINE VALUES(10172,108,'Zirconia #8-9',2.00,99.00,17.33,215.33);
INSERT INTO CASE_INVOICE_LINE VALUES(10173,108,'Zirconia #9-10',2.00,99.00,17.33,215.33);
INSERT INTO CASE_INVOICE_LINE VALUES(10174,111,'Implant #13-15',3.00,120.00,31.50,391.50);
INSERT INTO CASE_INVOICE_LINE VALUES(10175,100,'Non Precious PFM #30-32',3.00,65.00,17.06,212.06);
INSERT INTO CASE_INVOICE_LINE VALUES(10176,114,'Framework with Teeth One Time Finish Upper and Lower',2.00,180.00,31.50,391.50);
INSERT INTO CASE_INVOICE_LINE VALUES(10177,108,'Zirconia #22-26',5.00,99.00,43.31,538.31);
INSERT INTO CASE_INVOICE_LINE VALUES(10178,108,'Zirconia #8-12',5.00,99.00,43.31,538.31);
INSERT INTO CASE_INVOICE_LINE VALUES(10179,100,'Non Precious PFM #3-10',8.00,65.00,45.50,565.50);
INSERT INTO CASE_INVOICE_LINE VALUES(10180,100,'Non Precious PFM #6-12',7.00,65.00,39.81,494.81);
INSERT INTO CASE_INVOICE_LINE VALUES(10181,125,'Full Acrylic Denture Upper Lower',2.00,120.00,21.00,261.00);
INSERT INTO CASE_INVOICE_LINE VALUES(10181,119,'Teeth Try In Upper Lower',2.00,40.00,7.00,87.00);
INSERT INTO CASE_INVOICE_LINE VALUES(10181,120,'Bite Block Upper Lower',2.00,30.00,5.25,65.25);
INSERT INTO CASE_INVOICE_LINE VALUES(10182,100,'Non Precious PFM #30-31',2.00,65.00,11.38,141.38);
INSERT INTO CASE_INVOICE_LINE VALUES(10182,104,'Full 360 Degree Porcelain Margins #30-31',2.00,25.00,4.38,54.38);
INSERT INTO CASE_INVOICE_LINE VALUES(10183,100,'Non Precious PFM #5-10',6.00,65.00,34.13,424.13);
INSERT INTO CASE_INVOICE_LINE VALUES(10184,133,'Repair Valplast Lower',1.00,60.00,5.25,65.25);
INSERT INTO CASE_INVOICE_LINE VALUES(10185,112,'Valplast Bilateral Lower',1.00,120.00,10.50,130.50);
INSERT INTO CASE_INVOICE_LINE VALUES(10186,100,'Non Precious PFM #3-9',7.00,65.00,39.81,494.81);
INSERT INTO CASE_INVOICE_LINE VALUES(10187,101,'Semi Precious PFM #7-15',7.00,85.00,52.06,647.06);
INSERT INTO CASE_INVOICE_LINE VALUES(10188,131,'Hard Nightguard Upper and Lower',2.00,70.00,12.25,152.25);
INSERT INTO CASE_INVOICE_LINE VALUES(10189,111,'Implant #22',1.00,120.00,10.50,130.50);
INSERT INTO CASE_INVOICE_LINE VALUES(10190,114,'Framework with Teeth One Time Finish Upper and Lower',2.00,180.00,31.50,391.50);
INSERT INTO CASE_INVOICE_LINE VALUES(10191,133,'Repair Valplast Upper',1.00,60.00,5.25,65.25);
INSERT INTO CASE_INVOICE_LINE VALUES(10192,131,'Hard Nightguard Upper and Lower',2.00,70.00,12.25,152.25);
INSERT INTO CASE_INVOICE_LINE VALUES(10193,101,'Semi Precious PFM #5-13',7.00,85.00,52.06,647.06);
INSERT INTO CASE_INVOICE_LINE VALUES(10194,114,'Framework with Teeth One Time Finish Upper and Lower',2.00,180.00,31.50,391.50);
INSERT INTO CASE_INVOICE_LINE VALUES(10195,111,'Implant #2-5',4.00,120.00,42.00,522.00);
INSERT INTO CASE_INVOICE_LINE VALUES(10196,133,'Repair Valplast Lower',1.00,60.00,5.25,65.25);
INSERT INTO CASE_INVOICE_LINE VALUES(10197,112,'Valplast Bilateral Upper and Lower',2.00,120.00,21.00,261.00);
INSERT INTO CASE_INVOICE_LINE VALUES(10197,127,'Cast 5 Rests Upper and Lower',5.00,10.00,4.38,54.38);
INSERT INTO CASE_INVOICE_LINE VALUES(10198,112,'Valplast Bilateral Lower',1.00,120.00,10.50,130.50);
INSERT INTO CASE_INVOICE_LINE VALUES(10199,129,'Retainer Upper Lower',2.00,100.00,17.50,217.50);
INSERT INTO CASE_INVOICE_LINE VALUES(10200,109,'Veneer #9',1.00,99.00,8.66,107.66);
INSERT INTO CASE_INVOICE_LINE VALUES(10201,132,'Soft Inside and Hard Outside Nightguard Upper',1.00,80.00,7.00,87.00);
INSERT INTO CASE_INVOICE_LINE VALUES(10202,132,'Soft Inside and Hard Outside Nightguard Upper',1.00,80.00,7.00,87.00);
INSERT INTO CASE_INVOICE_LINE VALUES(10203,114,'Framework with Teeth One Time Finish Upper and Lower',2.00,180.00,31.50,391.50);
INSERT INTO CASE_INVOICE_LINE VALUES(10203,136,'Rush Fee Upper Lower',2.00,30.00,5.25,65.25);
INSERT INTO CASE_INVOICE_LINE VALUES(10204,116,'Framework Co-Cr Bilateral Upper',1.00,85.00,7.44,92.44);
INSERT INTO CASE_INVOICE_LINE VALUES(10204,121,'Regular Acylic Process and Finish Upper',1.00,80.00,7.00,87.00);
INSERT INTO CASE_INVOICE_LINE VALUES(10204,123,'Add 12 Teeth for Regular Acylic Upper',12.00,5.00,5.25,65.25);
INSERT INTO CASE_INVOICE_LINE VALUES(10204,119,'Teeth Try In Upper',1.00,40.00,3.50,43.50);
INSERT INTO CASE_INVOICE_LINE VALUES(10205,129,'Retainer Upper Lower',2.00,100.00,17.50,217.50);
INSERT INTO CASE_INVOICE_LINE VALUES(10205,136,'Rush Fee',1.00,30.00,2.63,32.63);
INSERT INTO CASE_INVOICE_LINE VALUES(10206,109,'Veneer #10',1.00,99.00,8.66,107.66);
INSERT INTO CASE_INVOICE_LINE VALUES(10207,101,'Semi Precious PFM #6-14',7.00,85.00,52.06,647.06);
INSERT INTO CASE_INVOICE_LINE VALUES(10208,109,'Veneer #25-28',4.00,99.00,34.65,430.65);
INSERT INTO CASE_INVOICE_LINE VALUES(10209,131,'Hard Nightguard Upper and Lower',2.00,70.00,12.25,152.25);
INSERT INTO CASE_INVOICE_LINE VALUES(10210,109,'Veneer #22-26',5.00,99.00,43.31,538.31);
INSERT INTO CASE_INVOICE_LINE VALUES(10210,136,'Rush Fee',1.00,30.00,2.63,32.63);
INSERT INTO CASE_INVOICE_LINE VALUES(10211,116,'Framework Co-Cr Bilateral Upper',1.00,85.00,7.44,92.44);
INSERT INTO CASE_INVOICE_LINE VALUES(10211,121,'Regular Acylic Process and Finish Upper',1.00,80.00,7.00,87.00);
INSERT INTO CASE_INVOICE_LINE VALUES(10211,123,'Add 12 Teeth for Regular Acylic Upper',12.00,5.00,5.25,65.25);
INSERT INTO CASE_INVOICE_LINE VALUES(10211,119,'Teeth Try In Upper',1.00,40.00,3.50,43.50);
INSERT INTO CASE_INVOICE_LINE VALUES(10212,116,'Framework Co-Cr Bilateral Upper',1.00,85.00,7.44,92.44);
INSERT INTO CASE_INVOICE_LINE VALUES(10212,121,'Regular Acylic Process and Finish Upper',1.00,80.00,7.00,87.00);
INSERT INTO CASE_INVOICE_LINE VALUES(10212,123,'Add 12 Teeth for Regular Acylic Upper',12.00,5.00,5.25,65.25);
INSERT INTO CASE_INVOICE_LINE VALUES(10212,119,'Teeth Try In Upper',1.00,40.00,3.50,43.50);
INSERT INTO CASE_INVOICE_LINE VALUES(10212,136,'Rush Fee Upper ',1.00,30.00,2.63,32.63);
INSERT INTO CASE_INVOICE_LINE VALUES(10213,101,'Semi Precious PFM #2-12',11.00,85.00,81.81,1016.81);
INSERT INTO CASE_INVOICE_LINE VALUES(10214,101,'Semi Precious PFM #18-30',13.00,85.00,96.69,1201.69);
INSERT INTO CASE_INVOICE_LINE VALUES(10215,112,'Valplast Bilateral Upper and Lower',2.00,120.00,21.00,261.00);
INSERT INTO CASE_INVOICE_LINE VALUES(10018,127,'Cast 4 Rests Upper and Lower',4.00,10.00,3.50,43.50);
INSERT INTO CASE_INVOICE_LINE VALUES(10216,101,'Semi Precious PFM #3-13',11.00,85.00,81.81,1016.81);
INSERT INTO CASE_INVOICE_LINE VALUES(10217,101,'Semi Precious PFM #3-13',11.00,85.00,81.81,1016.81);
INSERT INTO CASE_INVOICE_LINE VALUES(10218,101,'Semi Precious PFM #17-30',14.00,85.00,104.13,1294.13);
INSERT INTO CASE_INVOICE_LINE VALUES(10219,100,'Non Precious PFM #28-30',3.00,65.00,17.06,212.06);
INSERT INTO CASE_INVOICE_LINE VALUES(10220,112,'Valplast Bilateral Upper and Lower',2.00,120.00,21.00,261.00);
INSERT INTO CASE_INVOICE_LINE VALUES(10220,127,'Cast 5 Rests Upper and Lowr',5.00,10.00,4.38,54.38);
INSERT INTO CASE_INVOICE_LINE VALUES(10221,101,'Semi Precious PFM #6-14',7.00,85.00,52.06,647.06);
INSERT INTO CASE_INVOICE_LINE VALUES(10222,101,'Semi Precious PFM #6-15',8.00,85.00,59.50,739.50);
INSERT INTO CASE_INVOICE_LINE VALUES(10223,100,'Non Precious PFM #18-30',13.00,65.00,73.94,918.94);
INSERT INTO CASE_INVOICE_LINE VALUES(10224,137,'Full Gold Crown #30-31',6.23,100.00,54.51,677.51);
INSERT INTO CASE_INVOICE_LINE VALUES(10225,138,'Labor Fee ',2.00,50.00,8.75,108.75);
INSERT INTO CASE_INVOICE_LINE VALUES(10225,136,'Rush Fee',1.00,30.00,2.63,32.63);
INSERT INTO CASE_INVOICE_LINE VALUES(10226,101,'Semi Precious PFM #6-15',8.00,85.00,59.50,739.50);
INSERT INTO CASE_INVOICE_LINE VALUES(10227,112,'Valplast Bilateral Upper and Lower',2.00,120.00,21.00,261.00);
INSERT INTO CASE_INVOICE_LINE VALUES(10227,127,'Cast 5 Rests Upper and Lowr',5.00,10.00,4.38,54.38);
INSERT INTO CASE_INVOICE_LINE VALUES(10227,131,'Hard Nightguard Upper and Lower',2.00,70.00,12.25,152.25);
INSERT INTO CASE_INVOICE_LINE VALUES(10228,111,'Implant #22,25',2.00,120.00,21.00,261.00);
INSERT INTO CASE_INVOICE_LINE VALUES(10229,112,'Valplast Bilateral Upper and Lower',2.00,120.00,21.00,261.00);
INSERT INTO CASE_INVOICE_LINE VALUES(10229,127,'Cast 4 Rests Upper and Lower',4.00,10.00,3.50,43.50);
INSERT INTO CASE_INVOICE_LINE VALUES(10230,108,'Zirconia #8-14',7.00,99.00,60.64,753.64);
INSERT INTO CASE_INVOICE_LINE VALUES(10230,136,'Rush Fee',1.00,30.00,2.63,32.63);
INSERT INTO CASE_INVOICE_LINE VALUES(10231,108,'Zirconia #8-10',3.00,99.00,25.99,322.99);
INSERT INTO CASE_INVOICE_LINE VALUES(10232,116,'Framework Co-Cr Bilateral Upper',1.00,85.00,7.44,92.44);
INSERT INTO CASE_INVOICE_LINE VALUES(10232,121,'Regular Acylic Process and Finish Upper',1.00,80.00,7.00,87.00);
INSERT INTO CASE_INVOICE_LINE VALUES(10232,123,'Add 12 Teeth for Regular Acylic Upper',12.00,5.00,5.25,65.25);
INSERT INTO CASE_INVOICE_LINE VALUES(10232,119,'Teeth Try In Upper',1.00,40.00,3.50,43.50);
INSERT INTO CASE_INVOICE_LINE VALUES(10233,100,'Non Precious PFM #11-15,28-30',8.00,65.00,45.50,565.50);
INSERT INTO CASE_INVOICE_LINE VALUES(10234,114,'Framework with Teeth One Time Finish Upper and Lower',2.00,180.00,31.50,391.50);
INSERT INTO CASE_INVOICE_LINE VALUES(10235,108,'Zirconia #6-14',9.00,99.00,77.96,968.96);
INSERT INTO CASE_INVOICE_LINE VALUES(10236,108,'Zirconia #6-14',9.00,99.00,77.96,968.96);
INSERT INTO CASE_INVOICE_LINE VALUES(10237,108,'Zirconia #6-10',5.00,99.00,43.31,538.31);
INSERT INTO CASE_INVOICE_LINE VALUES(10238,114,'Framework with Teeth One Time Finish Upper and Lower',2.00,180.00,31.50,391.50);
INSERT INTO CASE_INVOICE_LINE VALUES(10239,129,'Retainer Upper Lower',2.00,100.00,17.50,217.50);
INSERT INTO CASE_INVOICE_LINE VALUES(10240,112,'Valplast Bilateral Upper and Lower',2.00,120.00,21.00,261.00);
INSERT INTO CASE_INVOICE_LINE VALUES(10240,127,'Cast 4 Rests Upper and Lower',4.00,10.00,3.50,43.50);
INSERT INTO CASE_INVOICE_LINE VALUES(10240,136,'Rush Fee',1.00,30.00,2.63,32.63);
INSERT INTO CASE_INVOICE_LINE VALUES(10241,108,'Zirconia #2-14',13.00,99.00,112.61,1399.61);
INSERT INTO CASE_INVOICE_LINE VALUES(10242,108,'Zirconia #2-10',9.00,99.00,77.96,968.96);
INSERT INTO CASE_INVOICE_LINE VALUES(10243,111,'Implant #2,4,22-23',4.00,120.00,42.00,522.00);
INSERT INTO CASE_INVOICE_LINE VALUES(10244,100,'Non Precious PFM #3-14, 28-30',13.00,65.00,73.94,918.94);
INSERT INTO CASE_INVOICE_LINE VALUES(10244,136,'Rush Fee',1.00,30.00,2.63,32.63);
INSERT INTO CASE_INVOICE_LINE VALUES(10245,114,'Framework with Teeth One Time Finish Upper and Lower',2.00,180.00,31.50,391.50);
INSERT INTO CASE_INVOICE_LINE VALUES(10246,114,'Framework with Teeth One Time Finish Upper and Lower',2.00,180.00,31.50,391.50);
INSERT INTO CASE_INVOICE_LINE VALUES(10247,129,'Retainer Upper Lower',2.00,100.00,17.50,217.50);
INSERT INTO CASE_INVOICE_LINE VALUES(10247,136,'Rush Fee',1.00,30.00,2.63,32.63);
INSERT INTO CASE_INVOICE_LINE VALUES(10248,111,'Implant #2-5',4.00,120.00,42.00,522.00);
INSERT INTO CASE_INVOICE_LINE VALUES(10249,129,'Retainer Upper Lower',2.00,100.00,17.50,217.50);
INSERT INTO CASE_INVOICE_LINE VALUES(10250,129,'Retainer Upper Lower',2.00,100.00,17.50,217.50);
INSERT INTO CASE_INVOICE_LINE VALUES(10251,125,'Full Acrylic Denture Upper Lower',2.00,120.00,21.00,261.00);
INSERT INTO CASE_INVOICE_LINE VALUES(10251,119,'Teeth Try In Upper Lower',2.00,40.00,7.00,87.00);
INSERT INTO CASE_INVOICE_LINE VALUES(10251,120,'Bite Block Upper Lower',2.00,30.00,5.25,65.25);
INSERT INTO CASE_INVOICE_LINE VALUES(10252,100,'Non Precious PFM #3-14, 28-31',14.00,65.00,79.63,989.63);
INSERT INTO CASE_INVOICE_LINE VALUES(10253,125,'Full Acrylic Denture Upper Lower',2.00,120.00,21.00,261.00);
INSERT INTO CASE_INVOICE_LINE VALUES(10253,119,'Teeth Try In Upper Lower',2.00,40.00,7.00,87.00);
INSERT INTO CASE_INVOICE_LINE VALUES(10253,120,'Bite Block Upper Lower',2.00,30.00,5.25,65.25);
INSERT INTO CASE_INVOICE_LINE VALUES(10254,125,'Full Acrylic Denture Upper Lower',2.00,120.00,21.00,261.00);
INSERT INTO CASE_INVOICE_LINE VALUES(10254,119,'Teeth Try In Upper Lower',2.00,40.00,7.00,87.00);
INSERT INTO CASE_INVOICE_LINE VALUES(10254,120,'Bite Block Upper Lower',2.00,30.00,5.25,65.25);
INSERT INTO CASE_INVOICE_LINE VALUES(10255,100,'Non Precious PFM #3-14, 20-30',23.00,65.00,130.81,1625.81);
INSERT INTO CASE_INVOICE_LINE VALUES(10256,114,'Framework with Teeth One Time Finish Upper and Lower',2.00,180.00,31.50,391.50);
INSERT INTO CASE_INVOICE_LINE VALUES(10257,114,'Framework with Teeth One Time Finish Upper and Lower',2.00,180.00,31.50,391.50);
INSERT INTO CASE_INVOICE_LINE VALUES(10258,108,'Zirconia #8-14',7.00,99.00,60.64,753.64);
INSERT INTO CASE_INVOICE_LINE VALUES(10259,108,'Zirconia #2-14',13.00,99.00,112.61,1399.61);
INSERT INTO CASE_INVOICE_LINE VALUES(10259,136,'Rush Fee',1.00,30.00,2.63,32.63);
INSERT INTO CASE_INVOICE_LINE VALUES(10260,125,'Full Acrylic Denture Upper Lower',2.00,120.00,21.00,261.00);
INSERT INTO CASE_INVOICE_LINE VALUES(10260,119,'Teeth Try In Upper Lower',2.00,40.00,7.00,87.00);
INSERT INTO CASE_INVOICE_LINE VALUES(10260,120,'Bite Block Upper Lower',2.00,30.00,5.25,65.25);
INSERT INTO CASE_INVOICE_LINE VALUES(10260,136,'Rush Fee Upper Lower',2.00,30.00,5.25,65.25);

INSERT INTO VENDOR VALUES(4001,'1850 E Northrop Boulevard Suite 100','Chandler','AZ','85286','800','645-2310','https://www.darbydental.com/DarbyHome.aspx','4988396961','dental_lab123','1233312333');
INSERT INTO VENDOR VALUES(4002,'520 South Rock Blvd','Reno','NV','89502','775','327-3344','https://www.henryschein.com/us-en/zahn/home.aspx?did=zahn','6378412354','dental_lab123','1233312333');
INSERT INTO VENDOR VALUES(4003,'2201 Senter Rd','San Jose','CA','95112','408','275-0199','https://www.costco.com/','6206502112','dental_lab123','1233312333');
INSERT INTO VENDOR VALUES(4004,'38507 Cherry Street Suite H&I','Newark','CA','94560','510','494-9707','https://www.dvwcommercial.com/','5550058042','dental_lab123','1233312333');
INSERT INTO VENDOR VALUES(4005,'2625 Skyway Dr Suite B','Santa Maria','CA','93455','800','232-7732','https://preat.com/','6486472464','dental_lab123','1233312333');
INSERT INTO VENDOR VALUES(4006,'22715 Savi Ranch Parkway ','Yorba Linda','CA','92887','714','282-4800','https://www.nobelbiocare.com/en-us','5020024342','admin_lab123','1233312111');
INSERT INTO VENDOR VALUES(4007,'8515 Miralani Dr','San Diego','CA','92126','858','455-7900','https://argen.com/#/','4193549266','admin_lab123','1233312111');
INSERT INTO VENDOR VALUES(4008,'50 Stillman Road','North Haven','CT','06473','800','243-2000','https://jensendental.com/','1472152246','admin_lab123','1233312111');
INSERT INTO VENDOR VALUES(4009,'13161 Telfair Ave','Sylmar','CA','91342','818','362-2600','https://www.pearsonlab.com/','9363706557','admin_lab123','1233312111');
INSERT INTO VENDOR VALUES(4010,'135 Duryea Road','Melville','NY','11747','888','253-1223','https://www.tdsc.com/#','7203006635','admin_lab123','1233312111');
INSERT INTO VENDOR VALUES(4011,'10051 Simonson Rd Unit 9','Harrison','OH','45030','513','202-1567','https://www.californiadentalsupply.com/la/buyprod/index.asp','4305822333','admin_lab123','1233312111');
INSERT INTO VENDOR VALUES(4012,'1825 First Street','San Fernando','CA','91340','800','842-4203','https://www.davisdentalsupply.com/','1221059113','vendor_lab123','1233312444');
INSERT INTO VENDOR VALUES(4013,'4825 District Blvd','Vernon','CA','90058','866','759-3368','https://www.skydentalsupply.com/','2532882102','vendor_lab123','1233312444');
INSERT INTO VENDOR VALUES(4014,'260 Hallmark Pkwy','San Bernardino','CA','92407','909','880-9555','https://tricountydental.com/','6682410761','vendor_lab123','1233312444');
INSERT INTO VENDOR VALUES(4015,'3031 E Coronado St Suite D ','ANAHEIM','CA','92806','714','632-8817','https://www.prestigedentalproducts.com/','9787057458','vendor_lab123','1233312444');
INSERT INTO VENDOR VALUES(4016,'99 Grand St Unit 2','Moonachie','NJ','07074','201','357-0467','https://dunlindentalsupply.com/','7472789410','vendor_lab123','1233312444');
INSERT INTO VENDOR VALUES(4017,'604 1st Ave SW','Hickory','NC','28602','347','499-1210','https://misieco.com/','6608947701','vendor_lab123','1233312444');
INSERT INTO VENDOR VALUES(4018,'103 JFK Parkway','Short Hills','NJ','07078','973','921-5500','https://www.dnb.com/','1453496408','vendor_lab123','1233312444');
INSERT INTO VENDOR VALUES(4019,'295 CenterPoint Blvd','Pittston','PA','18640','800','462-3626','https://www.benco.com/','4548935741','vendor_lab123','1233312444');
INSERT INTO VENDOR VALUES(4020,'21915 Valley Road ','Nuevo','CA','92567','714','986-9938','https://www.qualitydentalco.com/','3911180303','vendor_lab123','1233312444');

INSERT INTO SUPPLY VALUES(710001,'Mini-Bowls 4/Pkg',12,5);
INSERT INTO SUPPLY VALUES(710002,'Articulating Paper with Progressive Color Transfer, Red, 300 Strips/Box',4,2);
INSERT INTO SUPPLY VALUES(710003,"Dr. Thompson's Color Transfer Applicators 150/Pkg",4,2);
INSERT INTO SUPPLY VALUES(710004,'HandsOn Premium Latex PF Gloves Small 100/Box',12,5);
INSERT INTO SUPPLY VALUES(710005,'HandsOn Premium Latex PF Gloves Medium 100/Box',12,5);
INSERT INTO SUPPLY VALUES(710006,'HandsOn Premium Latex PF Gloves Large 100/Box',12,5);
INSERT INTO SUPPLY VALUES(710007,'HandsOn Premium Latex PF Gloves X-Small 100/Box',12,5);
INSERT INTO SUPPLY VALUES(710008,'S3 Mask Blue 50/Box',8,10);
INSERT INTO SUPPLY VALUES(710009,'S3 Mask White 50/Box',6,10);
INSERT INTO SUPPLY VALUES(710010,'Denture Storage Boxes Blue 12/Pkg',30,20);
INSERT INTO SUPPLY VALUES(710011,'Denture Storage Boxes Yellow 12/Pkg',24,20);
INSERT INTO SUPPLY VALUES(710012,'Denture Storage Boxes White 12/Pkg',50,20);
INSERT INTO SUPPLY VALUES(710013,'Bite Blocks U-Shaped 3/8'' pink 100/Box',5,2);
INSERT INTO SUPPLY VALUES(710014,'Lab Knife Number 6 Wooden Handle',8,2);
INSERT INTO SUPPLY VALUES(710015,'Articulators Denture ',23,20);
INSERT INTO SUPPLY VALUES(710016,'Articulators Crown and Bridge',86,50);
INSERT INTO SUPPLY VALUES(710017,'Brushes #9 Standard Stiff 144/Pkg',5,2);
INSERT INTO SUPPLY VALUES(710018,'Brushes #11 Standard Stiff 144/Pkg',3,2);
INSERT INTO SUPPLY VALUES(710019,'Brushes #12 Standard Stiff 144/Pkg',6,2);
INSERT INTO SUPPLY VALUES(710020,'Pointed Felt Cones Small ',4,10);
INSERT INTO SUPPLY VALUES(710021,'Pointed Felt Cones Medium',11,10);
INSERT INTO SUPPLY VALUES(710022,'Pointed Felt Cones Large',8,10);
INSERT INTO SUPPLY VALUES(710023,'Lenk Lab Burner',8,5);
INSERT INTO SUPPLY VALUES(710024,'Miniblaster ',12,10);
INSERT INTO SUPPLY VALUES(710025,'Lab Pans ',152,50);
INSERT INTO SUPPLY VALUES(710026,'Latex Rubber Tubing',8,5);
INSERT INTO SUPPLY VALUES(710027,'Yellow High Shine Polishing Compound',8,4);
INSERT INTO SUPPLY VALUES(710028,'Interprox Saw Blade 80 Teeth Blade 10/Pkg',10,5);
INSERT INTO SUPPLY VALUES(710029,'3M Post-It Notes 100 sheets/pad',20,5);
INSERT INTO SUPPLY VALUES(710030,'File Folders 10/Pkg',5,2);
INSERT INTO SUPPLY VALUES(710031,'Uline Dry Erase Markets 12/Pkg',2,3);
INSERT INTO SUPPLY VALUES(710032,'Pencil 10/Pkg',8,5);
INSERT INTO SUPPLY VALUES(710033,'Dymo Label Paper Roll ',6,10);

INSERT INTO MATERIAL VALUES(200,'Jet Tooth Powder 59/B1 16 oz',8,3);
INSERT INTO MATERIAL VALUES(201,'Jet Tooth Powder 60/A1 16 oz',8,3);
INSERT INTO MATERIAL VALUES(202,'Jet Tooth Powder 61/B2 16 oz',7,3);
INSERT INTO MATERIAL VALUES(203,'Jet Tooth Powder 62/A2 16 oz',8,3);
INSERT INTO MATERIAL VALUES(204,'Jet Tooth Powder 65/D3 16 oz',5,3);
INSERT INTO MATERIAL VALUES(205,'Jet Tooth Powder 66/A3 16 oz',10,3);
INSERT INTO MATERIAL VALUES(206,'Jet Tooth Powder 67/B3 16 oz',5,3);
INSERT INTO MATERIAL VALUES(207,'Jet Tooth Powder 69/C2 16 oz',2,3);
INSERT INTO MATERIAL VALUES(208,'Jet Tooth Powder 77/B4 16 oz',4,3);
INSERT INTO MATERIAL VALUES(209,'Jet Tooth Powder 81/A3.5 16 oz',12,3);
INSERT INTO MATERIAL VALUES(210,'Jet Tooth Powder 87/A4 16 oz',5,3);
INSERT INTO MATERIAL VALUES(211,'Jet Tooth Powder C3 16 oz',4,3);
INSERT INTO MATERIAL VALUES(212,'Jet Tooth Powder C4 16 oz',2,3);
INSERT INTO MATERIAL VALUES(213,'Durelon Carboxylate Luting Cement Triple Pack 3M',5,2);
INSERT INTO MATERIAL VALUES(214,'Modern Materials Die-Keen Green 50lb',3,1);
INSERT INTO MATERIAL VALUES(215,'Modern Materials Die-Keen Blue 50lb',2,1);
INSERT INTO MATERIAL VALUES(216,'Modern Materials Die-Keen Pink 50lb',1,1);
INSERT INTO MATERIAL VALUES(217,'Modern Materials LabStone Buff 50lb',4,1);
INSERT INTO MATERIAL VALUES(218,'Modern Materials Lab Plaster Regular Set 50lb',3,1);
INSERT INTO MATERIAL VALUES(219,'Modern Materials Lab Plaster Slow Set 50lb',4,1);
INSERT INTO MATERIAL VALUES(220,'Modern Materials Lab Plaster Fast Set 50lb',3,1);
INSERT INTO MATERIAL VALUES(221,'Modern Materials Orthodontic Plaster 50lb',2,1);
INSERT INTO MATERIAL VALUES(222,'Liqui-Foil Clear 1 Gallon',5,2);
INSERT INTO MATERIAL VALUES(223,'Liqui-Foil Pink 1 Gallon',3,2);
INSERT INTO MATERIAL VALUES(224,'Sote Eva Square .040'' 1mm 25/Pkg',5,2);
INSERT INTO MATERIAL VALUES(225,'Sote Eva Square .060'' 1.5mm 25/Pkg',4,2);
INSERT INTO MATERIAL VALUES(226,'Sote Eva Square .080'' 2mm 25/Pkg',8,2);
INSERT INTO MATERIAL VALUES(227,'Aluminum Oxide 50 Micron 2lb',4,2);
INSERT INTO MATERIAL VALUES(228,'Aluminum Oxide 90 Micron 2lb',5,2);
INSERT INTO MATERIAL VALUES(229,'Clasp Wire #14 10/Pkg',12,5);
INSERT INTO MATERIAL VALUES(230,'Clasp Wire #18 10/Pkg',11,5);
INSERT INTO MATERIAL VALUES(231,'Clasp Wire #19 10/Pkg',12,5);
INSERT INTO MATERIAL VALUES(232,'Triad Gel Clear 22g 4/Pkg',8,6);
INSERT INTO MATERIAL VALUES(233,'Triad Gel Pink 22g 4/Pkg',5,6);
INSERT INTO MATERIAL VALUES(234,'Triad Gel Blue 22g 4/Pkg',6,6);
INSERT INTO MATERIAL VALUES(235,'Triad Custom Tray Material 60/Box',5,3);
INSERT INTO MATERIAL VALUES(236,'Sheet Resin Materials Base Plate Material 25/Box',18,10);
INSERT INTO MATERIAL VALUES(237,'Sheet Resin Materials Temporary Splint 25/Box',15,10);
INSERT INTO MATERIAL VALUES(238,'Sheet Resin Materials Coping Material 50/Box',12,10);
INSERT INTO MATERIAL VALUES(239,'Beauty-Cast 50g/Pkg 24/Box',8,5);
INSERT INTO MATERIAL VALUES(240,'Silicone Spray 16oz',12,5);
INSERT INTO MATERIAL VALUES(241,'Surfactant Debubblizer 32oz',5,6);
INSERT INTO MATERIAL VALUES(242,'Boil Out Solution 1 Gallon',3,4);
INSERT INTO MATERIAL VALUES(243,'Initial MC Chroma Shade Translucent Powder CST-S 20g',3,3);
INSERT INTO MATERIAL VALUES(244,'Initial MC Chroma Shade Translucent Powder CST-B 20g',5,3);
INSERT INTO MATERIAL VALUES(245,'Initial MC Chroma Shade Translucent Powder CST-C 20g',8,3);
INSERT INTO MATERIAL VALUES(246,'Initial MC Chroma Shade Translucent Powder CST-D 20g',4,3);
INSERT INTO MATERIAL VALUES(247,'Initial MC Chroma Shade Translucent Powder CST-BL 20g',2,3);
INSERT INTO MATERIAL VALUES(248,'Initial MC Chroma Shade Translucent Powder CST-4 20g',3,3);
INSERT INTO MATERIAL VALUES(249,'Pumice Fine 5lb',5,4);
INSERT INTO MATERIAL VALUES(250,'Pumice Medium 5lb',5,4);
INSERT INTO MATERIAL VALUES(251,'Pumice Coarse 5lb',7,4);
INSERT INTO MATERIAL VALUES(252,'Pumice Flour 5lb',8,4);
INSERT INTO MATERIAL VALUES(253,'Clasps Bicuspid Right',20,20);
INSERT INTO MATERIAL VALUES(254,'Clasps Bicuspid Left',30,20);
INSERT INTO MATERIAL VALUES(255,'Clasps Bicuspid Straight',25,20);
INSERT INTO MATERIAL VALUES(256,'Clasps Anterior Right',8,10);
INSERT INTO MATERIAL VALUES(257,'Clasps Anterior Left',11,10);
INSERT INTO MATERIAL VALUES(258,'Clasps Anterior Straight',9,20);
INSERT INTO MATERIAL VALUES(259,'Clasps Molar Right',22,20);
INSERT INTO MATERIAL VALUES(260,'Clasps Molar Left',26,20);
INSERT INTO MATERIAL VALUES(261,'Clasps Molar Straight',33,20);
INSERT INTO MATERIAL VALUES(262,'Coe-Soft Denture Reline Material Professional Package',6,8);
INSERT INTO MATERIAL VALUES(263,'Lucitone 199 Base Resin Powder/Liquid Original 11 Units',9,8);
INSERT INTO MATERIAL VALUES(264,'Lucitone 199 Base Resin Powder/Liquid Dark Pink 11 Units',5,8);
INSERT INTO MATERIAL VALUES(265,'Lucitone 199 Base Resin Powder/Liquid Light Reddish Pink 11 Units',15,8);
INSERT INTO MATERIAL VALUES(266,'Baseplate Wax Pink 5 lb',12,5);
INSERT INTO MATERIAL VALUES(267,'Jense JCBD Dental High Noble Alloy 1oz',2,1);
INSERT INTO MATERIAL VALUES(268,'Jense Foundation Dental High Noble White Alloy 1oz',1,1);
INSERT INTO MATERIAL VALUES(269,'Jense Classic IV Dental High Noble Yellow Alloy 1oz',3,1);
INSERT INTO MATERIAL VALUES(270,'Bite Blocks U-Shaped Pink 100/Box',5,4);
INSERT INTO MATERIAL VALUES(271,'Isopropyl Alcohol 1 Gallon',5,4);
INSERT INTO MATERIAL VALUES(272,'Vivid 3DResin Blue 1 liter',2,4);
INSERT INTO MATERIAL VALUES(273,'Vivid 3DResin Yellow 1 liter',5,4);
INSERT INTO MATERIAL VALUES(274,'Vivid 3DResin Red 1 liter',4,4);
INSERT INTO MATERIAL VALUES(275,'Lab Varnish 30 ml',6,5);
INSERT INTO MATERIAL VALUES(276,'Vivid Sof-Liner Kit',8,5);
INSERT INTO MATERIAL VALUES(277,'Vivid Hardliner Kit',4,5);
INSERT INTO MATERIAL VALUES(278,'Stabiliner 20/Pkg',3,2);
INSERT INTO MATERIAL VALUES(279,'Biocryl-2 Powder Veined Tissue 25lb',1,2);
INSERT INTO MATERIAL VALUES(280,'Sapphire Heat Cure Denture Base Powder 20lb',4,2);
INSERT INTO MATERIAL VALUES(281,'Sapphire Heat Cure Denture Base Liquid 32oz',4,2);
INSERT INTO MATERIAL VALUES(282,'Trimax Upper Anterior Mould #503 (1 X 6)',23,20);
INSERT INTO MATERIAL VALUES(283,'Trimax Upper Anterior Mould #501 (1 X 6)',28,20);
INSERT INTO MATERIAL VALUES(284,'Trimax Upper Anterior Mould #448 (1 X 6)',32,20);
INSERT INTO MATERIAL VALUES(285,'Trimax Upper Anterior Mould #447 (1 X 6)',25,20);
INSERT INTO MATERIAL VALUES(286,'Trimax Upper Anterior Mould #438 (1 X 6)',36,20);
INSERT INTO MATERIAL VALUES(287,'Trimax Upper Anterior Mould #425 (1 X 6)',45,20);
INSERT INTO MATERIAL VALUES(288,'Trimax Upper Anterior Mould #419 (1 X 6)',36,20);
INSERT INTO MATERIAL VALUES(289,'Trimax Upper Anterior Mould #390 (1 X 6)',22,20);
INSERT INTO MATERIAL VALUES(290,'Trimax Lower Anterior Mould #u25 (1 X 6)',35,20);
INSERT INTO MATERIAL VALUES(291,'Trimax Lower Anterior Mould #u33 (1 X 6)',15,20);
INSERT INTO MATERIAL VALUES(292,'Trimax Lower Anterior Mould #u37 (1 X 6)',26,20);
INSERT INTO MATERIAL VALUES(293,'Trimax Lower Anterior Mould #u38 (1 X 6)',26,20);
INSERT INTO MATERIAL VALUES(294,'Trimax Lower Anterior Mould #u67 (1 X 6)',41,20);
INSERT INTO MATERIAL VALUES(295,'Trimax Lower Anterior Mould #u88 (1 X 6)',28,20);
INSERT INTO MATERIAL VALUES(296,'Trimax Upper Posterior Mould #30 (1 X 8)',38,20);
INSERT INTO MATERIAL VALUES(297,'Trimax Upper Posterior Mould #32 (1 X 8)',36,20);
INSERT INTO MATERIAL VALUES(298,'Trimax Upper Posterior Mould #34 (1 X 8)',25,20);
INSERT INTO MATERIAL VALUES(299,'Trimax Upper Posterior Mould #36 (1 X 8)',22,20);
INSERT INTO MATERIAL VALUES(300,'Trimax Upper Posterior Mould #k1 (1 X 8)',18,20);
INSERT INTO MATERIAL VALUES(301,'Trimax Upper Posterior Mould #k2 (1 X 8)',32,20);
INSERT INTO MATERIAL VALUES(302,'Trimax Upper Posterior Mould #m30 (1 X 8)',36,20);
INSERT INTO MATERIAL VALUES(303,'Trimax Upper Posterior Mould #m32 (1 X 8)',34,20);
INSERT INTO MATERIAL VALUES(304,'Trimax Upper Posterior Mould #m34 (1 X 8)',41,20);
INSERT INTO MATERIAL VALUES(305,'Trimax Lower Posterior Mould #30 (1 X 8)',43,20);
INSERT INTO MATERIAL VALUES(306,'Trimax Lower Posterior Mould #32 (1 X 8)',26,20);
INSERT INTO MATERIAL VALUES(307,'Trimax Lower Posterior Mould #34 (1 X 8)',24,20);
INSERT INTO MATERIAL VALUES(308,'Trimax Lower Posterior Mould #36 (1 X 8)',24,20);
INSERT INTO MATERIAL VALUES(309,'Trimax Lower Posterior Mould #k1 (1 X 8)',19,20);
INSERT INTO MATERIAL VALUES(310,'Trimax Lower Posterior Mould #k2 (1 X 8)',22,20);
INSERT INTO MATERIAL VALUES(311,'Trimax Lower Posterior Mould #m32 (1 X 8)',27,20);
INSERT INTO MATERIAL VALUES(312,'Trimax Lower Posterior Mould #m30 (1 X 8)',30,20);
INSERT INTO MATERIAL VALUES(313,'Trimax Lower Posterior Mould #m34 (1 X 8)',20,20);
INSERT INTO MATERIAL VALUES(314,'Pearson Clear Mouthguard 12/Pkg',5,6);
INSERT INTO MATERIAL VALUES(315,'Opaque Porcelain A0 1oz',6,5);
INSERT INTO MATERIAL VALUES(316,'Opaque Porcelain A1 1oz',10,10);
INSERT INTO MATERIAL VALUES(317,'Opaque Porcelain A2 1oz',12,10);
INSERT INTO MATERIAL VALUES(318,'Opaque Porcelain A3 1oz',18,10);
INSERT INTO MATERIAL VALUES(319,'Opaque Porcelain A3.5 1oz',16,10);
INSERT INTO MATERIAL VALUES(320,'Opaque Porcelain A4 1oz',8,5);
INSERT INTO MATERIAL VALUES(321,'Opaque Porcelain B0 1oz',8,5);
INSERT INTO MATERIAL VALUES(322,'Opaque Porcelain B1 1oz',10,10);
INSERT INTO MATERIAL VALUES(323,'Opaque Porcelain B2 1oz',13,10);
INSERT INTO MATERIAL VALUES(324,'Opaque Porcelain B3 1oz',7,10);
INSERT INTO MATERIAL VALUES(325,'Opaque Porcelain B4 1oz',5,5);
INSERT INTO MATERIAL VALUES(326,'Opaque Porcelain C1 1oz',11,10);
INSERT INTO MATERIAL VALUES(327,'Opaque Porcelain C2 1oz',7,10);
INSERT INTO MATERIAL VALUES(328,'Opaque Porcelain C3 1oz',6,5);
INSERT INTO MATERIAL VALUES(329,'Opaque Porcelain C4 1oz',4,5);
INSERT INTO MATERIAL VALUES(330,'Opaque Porcelain D2 1oz',6,5);
INSERT INTO MATERIAL VALUES(331,'Opaque Porcelain D3 1oz',5,5);
INSERT INTO MATERIAL VALUES(332,'Build-Up Liquid 32 oz',4,5);

INSERT INTO VENDOR_INVOICE VALUES(8001,4001,400001,'2020-01-08','100058392990');
INSERT INTO VENDOR_INVOICE VALUES(8002,4002,400001,'2020-01-08','100426272517');
INSERT INTO VENDOR_INVOICE VALUES(8003,4003,400001,'2020-01-10','100034309417');
INSERT INTO VENDOR_INVOICE VALUES(8004,4004,400001,'2020-01-11','1Z204E380338943508');
INSERT INTO VENDOR_INVOICE VALUES(8005,4005,400001,'2020-01-11','1ZXF38300382722839');
INSERT INTO VENDOR_INVOICE VALUES(8006,4006,400001,'2020-01-13','100038323116');
INSERT INTO VENDOR_INVOICE VALUES(8007,4007,400001,'2020-01-22','100045885187');
INSERT INTO VENDOR_INVOICE VALUES(8008,4008,400001,'2020-01-22','100044775151');
INSERT INTO VENDOR_INVOICE VALUES(8009,4009,400001,'2020-02-16','100011654252');
INSERT INTO VENDOR_INVOICE VALUES(8010,4010,400001,'2020-02-16','1Z51062E6893884735');
INSERT INTO VENDOR_INVOICE VALUES(8011,4011,400001,'2020-02-16','100048089733');
INSERT INTO VENDOR_INVOICE VALUES(8012,4012,400001,'2020-02-16','100036512871');
INSERT INTO VENDOR_INVOICE VALUES(8013,4013,400001,'2020-02-20','100033656143');
INSERT INTO VENDOR_INVOICE VALUES(8014,4014,400001,'2020-02-20','100011128747');
INSERT INTO VENDOR_INVOICE VALUES(8015,4015,400001,'2020-02-20','100048650381');
INSERT INTO VENDOR_INVOICE VALUES(8016,4016,400001,'2020-02-23','100042806412');
INSERT INTO VENDOR_INVOICE VALUES(8017,4017,400001,'2020-03-02','100028193807');
INSERT INTO VENDOR_INVOICE VALUES(8018,4018,400001,'2020-03-02','10009520550');
INSERT INTO VENDOR_INVOICE VALUES(8019,4019,400001,'2020-03-02','1ZT675T4YW92275898');
INSERT INTO VENDOR_INVOICE VALUES(8020,4020,400001,'2020-03-02','100010673132');
INSERT INTO VENDOR_INVOICE VALUES(8021,4001,400002,'2020-03-06','100011236726');
INSERT INTO VENDOR_INVOICE VALUES(8022,4002,400002,'2020-03-06','100016000438');
INSERT INTO VENDOR_INVOICE VALUES(8023,4003,400002,'2020-03-08','100040285355');
INSERT INTO VENDOR_INVOICE VALUES(8024,4004,400002,'2020-03-08','100021812528');
INSERT INTO VENDOR_INVOICE VALUES(8025,4005,400002,'2020-03-08','100043847712');
INSERT INTO VENDOR_INVOICE VALUES(8026,4006,400002,'2020-03-18','100039237170');
INSERT INTO VENDOR_INVOICE VALUES(8027,4007,400002,'2020-03-19','100046380842');
INSERT INTO VENDOR_INVOICE VALUES(8028,4008,400002,'2020-03-21','100040057168');
INSERT INTO VENDOR_INVOICE VALUES(8029,4009,400002,'2020-03-21','100039296764');
INSERT INTO VENDOR_INVOICE VALUES(8030,4010,400002,'2020-03-22','1ZW6897XYW00091170');
INSERT INTO VENDOR_INVOICE VALUES(8031,4011,400002,'2020-04-04','100024164947');
INSERT INTO VENDOR_INVOICE VALUES(8032,4012,400002,'2020-04-05','100031855517');
INSERT INTO VENDOR_INVOICE VALUES(8033,4013,400003,'2020-04-05','100010864595');
INSERT INTO VENDOR_INVOICE VALUES(8034,4014,400003,'2020-04-13','100025559059');
INSERT INTO VENDOR_INVOICE VALUES(8035,4015,400003,'2020-04-13','100043178328');
INSERT INTO VENDOR_INVOICE VALUES(8036,4016,400003,'2020-04-13','100020541871');
INSERT INTO VENDOR_INVOICE VALUES(8037,4017,400003,'2020-04-19','10005937899');
INSERT INTO VENDOR_INVOICE VALUES(8038,4018,400003,'2020-04-20','100037152843');
INSERT INTO VENDOR_INVOICE VALUES(8039,4019,400003,'2020-04-22','1ZW6897XYW00098770');
INSERT INTO VENDOR_INVOICE VALUES(8040,4020,400003,'2020-04-22','100029565498');
INSERT INTO VENDOR_INVOICE VALUES(8041,4001,400003,'2020-04-26','100012506809');
INSERT INTO VENDOR_INVOICE VALUES(8042,4002,400003,'2020-04-27','100010942776');
INSERT INTO VENDOR_INVOICE VALUES(8043,4003,400003,'2020-05-01','100011733908');
INSERT INTO VENDOR_INVOICE VALUES(8044,4004,400018,'2020-05-02','100045698841');
INSERT INTO VENDOR_INVOICE VALUES(8045,4005,400018,'2020-05-03','100020313318');

INSERT INTO VEND_SUPPLY_LINE VALUES(8022,710001,2,25.00,4.37,29.37);
INSERT INTO VEND_SUPPLY_LINE VALUES(8023,710002,1,12.00,1.05,13.05);
INSERT INTO VEND_SUPPLY_LINE VALUES(8024,710003,1,8.99,0.78,9.77);
INSERT INTO VEND_SUPPLY_LINE VALUES(8025,710004,1,5.00,0.44,5.44);
INSERT INTO VEND_SUPPLY_LINE VALUES(8026,710005,1,10.99,0.96,11.95);
INSERT INTO VEND_SUPPLY_LINE VALUES(8027,710006,1,7.00,0.61,7.61);
INSERT INTO VEND_SUPPLY_LINE VALUES(8028,710007,1,11.00,0.96,11.96);
INSERT INTO VEND_SUPPLY_LINE VALUES(8029,710008,3,30.00,7.86,37.86);
INSERT INTO VEND_SUPPLY_LINE VALUES(8030,710009,3,31.00,8.12,39.12);
INSERT INTO VEND_SUPPLY_LINE VALUES(8031,710010,2,25.00,4.37,29.37);
INSERT INTO VEND_SUPPLY_LINE VALUES(8032,710011,2,10.00,1.75,11.75);
INSERT INTO VEND_SUPPLY_LINE VALUES(8033,710012,2,6.00,1.05,7.05);
INSERT INTO VEND_SUPPLY_LINE VALUES(8034,710013,1,6.00,0.52,6.52);
INSERT INTO VEND_SUPPLY_LINE VALUES(8035,710014,2,2.99,0.52,3.51);
INSERT INTO VEND_SUPPLY_LINE VALUES(8036,710015,3,10.25,2.68,12.93);
INSERT INTO VEND_SUPPLY_LINE VALUES(8037,710016,3,32.28,8.45,40.73);
INSERT INTO VEND_SUPPLY_LINE VALUES(8038,710017,1,15.35,1.34,16.69);
INSERT INTO VEND_SUPPLY_LINE VALUES(8039,710018,1,10.00,0.87,10.87);
INSERT INTO VEND_SUPPLY_LINE VALUES(8040,710019,1,6.00,0.52,6.52);
INSERT INTO VEND_SUPPLY_LINE VALUES(8041,710020,2,40.00,6.98,46.98);
INSERT INTO VEND_SUPPLY_LINE VALUES(8042,710021,2,45.99,8.03,54.02);
INSERT INTO VEND_SUPPLY_LINE VALUES(8043,710022,2,12.01,2.10,14.11);
INSERT INTO VEND_SUPPLY_LINE VALUES(8044,710023,1,18.00,1.57,19.57);
INSERT INTO VEND_SUPPLY_LINE VALUES(8026,710024,1,18.00,1.57,19.57);
INSERT INTO VEND_SUPPLY_LINE VALUES(8026,710025,2,15.00,2.62,17.62);
INSERT INTO VEND_SUPPLY_LINE VALUES(8025,710026,2,15.00,2.62,17.62);
INSERT INTO VEND_SUPPLY_LINE VALUES(8026,710027,1,12.00,1.05,13.05);
INSERT INTO VEND_SUPPLY_LINE VALUES(8027,710028,1,12.00,1.05,13.05);
INSERT INTO VEND_SUPPLY_LINE VALUES(8023,710029,4,5.99,2.09,8.08);
INSERT INTO VEND_SUPPLY_LINE VALUES(8024,710030,3,14.69,3.85,18.54);
INSERT INTO VEND_SUPPLY_LINE VALUES(8025,710031,3,14.69,3.85,18.54);
INSERT INTO VEND_SUPPLY_LINE VALUES(8037,710032,2,22.33,3.90,26.23);
INSERT INTO VEND_SUPPLY_LINE VALUES(8023,710033,2,22.33,3.90,26.23);
INSERT INTO VEND_SUPPLY_LINE VALUES(8023,710008,2,22.33,3.90,26.23);
INSERT INTO VEND_SUPPLY_LINE VALUES(8023,710009,1,13.99,1.22,15.21);
INSERT INTO VEND_SUPPLY_LINE VALUES(8024,710010,3,4.99,1.31,6.30);
INSERT INTO VEND_SUPPLY_LINE VALUES(8042,710028,3,4.99,1.31,6.30);
INSERT INTO VEND_SUPPLY_LINE VALUES(8043,710019,1,10.00,0.87,10.87);
INSERT INTO VEND_SUPPLY_LINE VALUES(8023,710010,1,10.00,0.87,10.87);
INSERT INTO VEND_SUPPLY_LINE VALUES(8038,710001,1,10.00,0.87,10.87);
INSERT INTO VEND_SUPPLY_LINE VALUES(8039,710002,1,9.00,0.79,9.79);
INSERT INTO VEND_SUPPLY_LINE VALUES(8038,710003,1,9.00,0.79,9.79);
INSERT INTO VEND_SUPPLY_LINE VALUES(8043,710009,1,9.00,0.79,9.79);
INSERT INTO VEND_SUPPLY_LINE VALUES(8023,710011,2,19.00,3.32,22.32);
INSERT INTO VEND_SUPPLY_LINE VALUES(8028,710029,2,20.00,3.49,23.49);
INSERT INTO VEND_SUPPLY_LINE VALUES(8029,710022,1,25.00,2.18,27.18);
INSERT INTO VEND_SUPPLY_LINE VALUES(8027,710023,4,27.59,9.63,37.22);
INSERT INTO VEND_SUPPLY_LINE VALUES(8023,710026,1,16.00,1.40,17.40);
INSERT INTO VEND_SUPPLY_LINE VALUES(8042,710012,1,16.00,1.40,17.40);
INSERT INTO VEND_SUPPLY_LINE VALUES(8043,710013,1,3.50,0.31,3.81);
INSERT INTO VEND_SUPPLY_LINE VALUES(8044,710014,1,12.23,1.07,13.30);
INSERT INTO VEND_SUPPLY_LINE VALUES(8042,710015,2,11.25,1.96,13.21);
INSERT INTO VEND_SUPPLY_LINE VALUES(8023,710024,1,6.99,0.61,7.60);
INSERT INTO VEND_SUPPLY_LINE VALUES(8024,710025,1,18.77,1.64,20.41);
INSERT INTO VEND_SUPPLY_LINE VALUES(8027,710031,3,2.69,0.70,3.39);
INSERT INTO VEND_SUPPLY_LINE VALUES(8027,710032,3,23.00,6.02,29.02);
INSERT INTO VEND_SUPPLY_LINE VALUES(8027,710033,3,12.33,3.23,15.56);

INSERT INTO VEND_MATERIAL_LINE VALUES(8001,200,1,20.01,1.75,21.76);
INSERT INTO VEND_MATERIAL_LINE VALUES(8002,201,3,14.84,3.90,18.74);
INSERT INTO VEND_MATERIAL_LINE VALUES(8003,255,4,10.99,3.85,14.84);
INSERT INTO VEND_MATERIAL_LINE VALUES(8004,256,3,19.36,5.08,24.44);
INSERT INTO VEND_MATERIAL_LINE VALUES(8005,257,1,13.88,1.21,15.09);
INSERT INTO VEND_MATERIAL_LINE VALUES(8006,205,3,9.32,2.45,11.77);
INSERT INTO VEND_MATERIAL_LINE VALUES(8007,206,1,19.36,1.69,21.05);
INSERT INTO VEND_MATERIAL_LINE VALUES(8008,207,3,12.28,3.22,15.50);
INSERT INTO VEND_MATERIAL_LINE VALUES(8009,208,4,17.92,6.27,24.19);
INSERT INTO VEND_MATERIAL_LINE VALUES(8010,298,3,11.76,3.09,14.85);
INSERT INTO VEND_MATERIAL_LINE VALUES(8011,299,2,22.90,4.01,26.91);
INSERT INTO VEND_MATERIAL_LINE VALUES(8012,300,3,4.68,1.23,5.91);
INSERT INTO VEND_MATERIAL_LINE VALUES(8013,301,1,15.60,1.37,16.97);
INSERT INTO VEND_MATERIAL_LINE VALUES(8014,302,1,19.60,1.72,21.32);
INSERT INTO VEND_MATERIAL_LINE VALUES(8015,214,4,9.36,3.28,12.64);
INSERT INTO VEND_MATERIAL_LINE VALUES(8016,215,3,18.40,4.83,23.23);
INSERT INTO VEND_MATERIAL_LINE VALUES(8017,216,2,11.48,2.01,13.49);
INSERT INTO VEND_MATERIAL_LINE VALUES(8018,317,1,8.87,0.78,9.65);
INSERT INTO VEND_MATERIAL_LINE VALUES(8019,318,2,19.60,3.43,23.03);
INSERT INTO VEND_MATERIAL_LINE VALUES(8020,319,1,11.12,0.97,12.09);
INSERT INTO VEND_MATERIAL_LINE VALUES(8021,220,3,11.44,3.00,14.44);
INSERT INTO VEND_MATERIAL_LINE VALUES(8022,221,2,32.11,5.62,37.73);
INSERT INTO VEND_MATERIAL_LINE VALUES(8023,222,4,12.09,4.23,16.32);
INSERT INTO VEND_MATERIAL_LINE VALUES(8024,223,3,8.16,2.14,10.30);
INSERT INTO VEND_MATERIAL_LINE VALUES(8025,224,3,14.88,3.91,18.79);
INSERT INTO VEND_MATERIAL_LINE VALUES(8026,225,4,8.52,2.98,11.50);
INSERT INTO VEND_MATERIAL_LINE VALUES(8027,226,2,12.68,2.22,14.90);
INSERT INTO VEND_MATERIAL_LINE VALUES(8028,227,3,9.60,2.52,12.12);
INSERT INTO VEND_MATERIAL_LINE VALUES(8029,242,4,11.20,3.92,15.12);
INSERT INTO VEND_MATERIAL_LINE VALUES(8030,243,2,19.96,3.49,23.45);
INSERT INTO VEND_MATERIAL_LINE VALUES(8031,244,3,15.52,4.07,19.59);
INSERT INTO VEND_MATERIAL_LINE VALUES(8032,245,2,15.96,2.79,18.75);
INSERT INTO VEND_MATERIAL_LINE VALUES(8033,232,1,14.80,1.30,16.10);
INSERT INTO VEND_MATERIAL_LINE VALUES(8034,233,1,18.00,1.58,19.58);
INSERT INTO VEND_MATERIAL_LINE VALUES(8035,234,1,15.16,1.33,16.49);
INSERT INTO VEND_MATERIAL_LINE VALUES(8036,235,3,13.28,3.49,16.77);
INSERT INTO VEND_MATERIAL_LINE VALUES(8037,236,2,9.87,1.73,11.60);
INSERT INTO VEND_MATERIAL_LINE VALUES(8038,329,4,16.32,5.71,22.03);
INSERT INTO VEND_MATERIAL_LINE VALUES(8039,330,4,16.36,5.73,22.09);

INSERT INTO CHECK_PAYMENT VALUES(123000,2182.62,'WELLS FARGO','2020-02-02',1008);
INSERT INTO CHECK_PAYMENT VALUES(123001,152.25,'BANK OF AMERICA','2020-02-03',1004);
INSERT INTO CHECK_PAYMENT VALUES(123002,1174.50,'WELLS FARGO','2020-02-03',1005);
INSERT INTO CHECK_PAYMENT VALUES(123003,685.14,'WELLS FARGO','2020-02-03',1007);
INSERT INTO CHECK_PAYMENT VALUES(123004,152.25,'DISCOVER','2020-02-03',1012);
INSERT INTO CHECK_PAYMENT VALUES(123005,358.88,'BANK OF AMERICA','2020-02-04',1001);
INSERT INTO CHECK_PAYMENT VALUES(123006,1141.87,'BANK OF AMERICA','2020-02-04',1003);
INSERT INTO CHECK_PAYMENT VALUES(123007,337.14,'BANK OF AMERICA','2020-02-10',1002);
INSERT INTO CHECK_PAYMENT VALUES(123008,2623.06,'BANK OF AMERICA','2020-02-24',1001);
INSERT INTO CHECK_PAYMENT VALUES(123009,799.32,'DISCOVER','2020-03-02',1015);
INSERT INTO CHECK_PAYMENT VALUES(123010,391.50,'CHASE','2020-03-03',1022);
INSERT INTO CHECK_PAYMENT VALUES(123011,625.31,'WELLS FARGO','2020-03-04',1008);
INSERT INTO CHECK_PAYMENT VALUES(123012,1272.37,'WELLS FARGO','2020-03-07',1005);
INSERT INTO CHECK_PAYMENT VALUES(123013,2318.55,'BANK OF AMERICA','2020-03-08',1004);
INSERT INTO CHECK_PAYMENT VALUES(123014,1256.07,'DISCOVER','2020-03-08',1018);
INSERT INTO CHECK_PAYMENT VALUES(123015,2586.08,'CHASE','2020-03-08',1020);
INSERT INTO CHECK_PAYMENT VALUES(123016,2849.26,'WELLS FARGO','2020-03-11',1009);
INSERT INTO CHECK_PAYMENT VALUES(123017,4634.92,'BANK OF AMERICA','2020-03-12',1002);
INSERT INTO CHECK_PAYMENT VALUES(123018,3737.73,'BANK OF AMERICA','2020-03-15',1003);
INSERT INTO CHECK_PAYMENT VALUES(123019,3664.88,'AMERICAN EXPRESS','2020-04-01',1030);
INSERT INTO CHECK_PAYMENT VALUES(123020,962.44,'BANK OF AMERICA','2020-04-02',1004);
INSERT INTO CHECK_PAYMENT VALUES(123021,2074.97,'DISCOVER','2020-04-02',1010);
INSERT INTO CHECK_PAYMENT VALUES(123022,478.50,'WELLS FARGO','2020-04-04',1007);
INSERT INTO CHECK_PAYMENT VALUES(123023,1886.82,'DISCOVER','2020-04-04',1016);
INSERT INTO CHECK_PAYMENT VALUES(123024,2789.46,'DISCOVER','2020-04-04',1017);
INSERT INTO CHECK_PAYMENT VALUES(123025,2476.24,'CHASE','2020-04-05',1019);
INSERT INTO CHECK_PAYMENT VALUES(123026,1141.89,'DISCOVER','2020-04-06',1015);
INSERT INTO CHECK_PAYMENT VALUES(123027,690.58,'WELLS FARGO','2020-04-08',1006);
INSERT INTO CHECK_PAYMENT VALUES(123028,2093.44,'BANK OF AMERICA','2020-04-10',1003);
INSERT INTO CHECK_PAYMENT VALUES(123029,864.56,'AMERICAN EXPRESS','2020-04-14',1029);
INSERT INTO CHECK_PAYMENT VALUES(123030,1257.15,'CHASE','2020-04-20',1021);
INSERT INTO CHECK_PAYMENT VALUES(123031,1000.50,'CHASE','2020-04-20',1028);
INSERT INTO CHECK_PAYMENT VALUES(123032,1703.04,'BANK OF AMERICA','2020-05-03',1003);
INSERT INTO CHECK_PAYMENT VALUES(123033,3072.18,'BANK OF AMERICA','2020-05-05',1004);
INSERT INTO CHECK_PAYMENT VALUES(123034,432.83,'DISCOVER','2020-05-05',1010);
INSERT INTO CHECK_PAYMENT VALUES(123035,696.00,'BANK OF AMERICA','2020-05-08',1002);
INSERT INTO CHECK_PAYMENT VALUES(123036,842.81,'WELLS FARGO','2020-05-13',1005);
INSERT INTO CHECK_PAYMENT VALUES(123037,1169.07,'BANK OF AMERICA','2020-05-18',1001);
INSERT INTO CHECK_PAYMENT VALUES(123038,2034.72,'CHASE','2020-05-20',1027);
INSERT INTO CHECK_PAYMENT VALUES(123039,2626.33,'CHASE','2020-05-26',1026);
INSERT INTO CHECK_PAYMENT VALUES(123040,2387.07,'CHASE','2020-05-28',1025);
INSERT INTO CHECK_PAYMENT VALUES(123041,1725.88,'WELLS FARGO','2020-06-02',1008);
INSERT INTO CHECK_PAYMENT VALUES(123042,1109.25,'WELLS FARGO','2020-06-06',1007);
INSERT INTO CHECK_PAYMENT VALUES(123043,1076.63,'WELLS FARGO','2020-06-06',1009);
INSERT INTO CHECK_PAYMENT VALUES(123044,717.75,'WELLS FARGO','2020-06-07',1006);
INSERT INTO CHECK_PAYMENT VALUES(123045,1109.25,'DISCOVER','2020-06-07',1013);
INSERT INTO CHECK_PAYMENT VALUES(123046,378.45,'CHASE','2020-06-09',1022);
INSERT INTO CHECK_PAYMENT VALUES(123047,1177.77,'BANK OF AMERICA','2020-06-11',1004);
INSERT INTO CHECK_PAYMENT VALUES(123048,706.88,'BANK OF AMERICA','2020-06-12',1002);
INSERT INTO CHECK_PAYMENT VALUES(123049,651.41,'DISCOVER','2020-06-12',1012);
INSERT INTO CHECK_PAYMENT VALUES(123050,1164.71,'DISCOVER','2020-06-12',1015);
INSERT INTO CHECK_PAYMENT VALUES(123051,1136.44,'DISCOVER','2020-06-14',1014);
INSERT INTO CHECK_PAYMENT VALUES(123052,2164.13,'CHASE','2020-06-14',1019);
INSERT INTO CHECK_PAYMENT VALUES(123053,2849.26,'DISCOVER','2020-06-15',1011);
INSERT INTO CHECK_PAYMENT VALUES(123054,880.87,'DISCOVER','2020-06-15',1016);
INSERT INTO CHECK_PAYMENT VALUES(123055,412.16,'CHASE','2020-06-15',1021);
INSERT INTO CHECK_PAYMENT VALUES(123056,3505.01,'CHASE','2020-06-20',1020);
INSERT INTO CHECK_PAYMENT VALUES(123057,3887.81,'DISCOVER','2020-06-22',1017);
INSERT INTO CHECK_PAYMENT VALUES(123058,1658.44,'DISCOVER','2020-06-22',1018);
INSERT INTO CHECK_PAYMENT VALUES(123059,416.52,'AMERICAN EXPRESS','2020-06-22',1030);
INSERT INTO CHECK_PAYMENT VALUES(123060,1712.81,'CHASE','2020-06-23',1023);
INSERT INTO CHECK_PAYMENT VALUES(123061,3012.39,'AMERICAN EXPRESS','2020-07-01',1029);
INSERT INTO CHECK_PAYMENT VALUES(123062,2724.19,'CHASE','2020-07-02',1028);
INSERT INTO CHECK_PAYMENT VALUES(123063,1071.19,'CHASE','2020-07-07',1024);
INSERT INTO CHECK_PAYMENT VALUES(123064,1234.32,'DISCOVER','2020-11-13',1017);
INSERT INTO CHECK_PAYMENT VALUES(123065,739.50,'AMERICAN EXPRESS','2020-11-18',1029);
INSERT INTO CHECK_PAYMENT VALUES(123066,1324.57,'CHASE','2020-11-23',1028);